Time,Signal,Inhibition
0,0,#N/A
0.004,-0.001,#N/A
0.007,-0.01,#N/A
0.01,-0.034,#N/A
0.014,-0.077,#N/A
0.017,-0.134,#N/A
0.02,-0.194,#N/A
0.024,-0.242,#N/A
0.027,-0.271,#N/A
0.03,-0.281,#N/A
0.034,-0.274,#N/A
0.037,-0.259,#N/A
0.04,-0.239,#N/A
0.044,-0.22,#N/A
0.047,-0.202,#N/A
0.05,-0.187,#N/A
0.054,-0.175,#N/A
0.057,-0.167,#N/A
0.06,-0.16,#N/A
0.064,-0.155,#N/A
0.067,-0.151,#N/A
0.07,-0.146,#N/A
0.074,-0.14,#N/A
0.077,-0.133,#N/A
0.08,-0.126,#N/A
0.084,-0.12,#N/A
0.087,-0.115,#N/A
0.09,-0.113,#N/A
0.094,-0.113,#N/A
0.097,-0.114,#N/A
0.1,-0.116,#N/A
0.104,-0.118,#N/A
0.107,-0.118,#N/A
0.11,-0.118,#N/A
0.114,-0.119,#N/A
0.117,-0.121,#N/A
0.12,-0.123,#N/A
0.124,-0.127,#N/A
0.127,-0.13,#N/A
0.13,-0.132,#N/A
0.134,-0.133,#N/A
0.137,-0.134,#N/A
0.14,-0.134,#N/A
0.144,-0.134,#N/A
0.147,-0.134,#N/A
0.15,-0.134,#N/A
0.154,-0.135,#N/A
0.157,-0.137,#N/A
0.16,-0.14,#N/A
0.164,-0.142,#N/A
0.167,-0.144,#N/A
0.17,-0.145,#N/A
0.174,-0.146,#N/A
0.177,-0.146,#N/A
0.18,-0.149,#N/A
0.184,-0.152,#N/A
0.187,-0.155,#N/A
0.19,-0.157,#N/A
0.194,-0.158,#N/A
0.197,-0.157,#N/A
0.2,-0.156,#N/A
0.204,-0.155,#N/A
0.207,-0.156,#N/A
0.21,-0.159,#N/A
0.214,-0.162,#N/A
0.217,-0.164,#N/A
0.22,-0.167,#N/A
0.224,-0.17,#N/A
0.227,-0.172,#N/A
0.23,-0.174,#N/A
0.234,-0.174,#N/A
0.237,-0.175,#N/A
0.24,-0.177,#N/A
0.244,-0.18,#N/A
0.247,-0.184,#N/A
0.25,-0.187,#N/A
0.254,-0.189,#N/A
0.257,-0.189,#N/A
0.26,-0.188,#N/A
0.264,-0.187,#N/A
0.267,-0.186,#N/A
0.27,-0.187,#N/A
0.274,-0.188,#N/A
0.277,-0.188,#N/A
0.28,-0.187,#N/A
0.284,-0.183,#N/A
0.287,-0.179,#N/A
0.29,-0.175,#N/A
0.294,-0.172,#N/A
0.297,-0.172,#N/A
0.3,-0.173,#N/A
0.304,-0.173,#N/A
0.307,-0.172,#N/A
0.31,-0.171,#N/A
0.314,-0.169,#N/A
0.317,-0.167,#N/A
0.32,-0.166,#N/A
0.324,-0.166,#N/A
0.327,-0.167,#N/A
0.33,-0.167,#N/A
0.334,-0.168,#N/A
0.337,-0.169,#N/A
0.34,-0.17,#N/A
0.344,-0.171,#N/A
0.347,-0.172,#N/A
0.35,-0.173,#N/A
0.354,-0.174,#N/A
0.357,-0.174,#N/A
0.36,-0.175,#N/A
0.364,-0.176,#N/A
0.367,-0.177,#N/A
0.37,-0.178,#N/A
0.374,-0.179,#N/A
0.377,-0.182,#N/A
0.38,-0.186,#N/A
0.384,-0.19,#N/A
0.387,-0.195,#N/A
0.39,-0.197,#N/A
0.394,-0.198,#N/A
0.397,-0.197,#N/A
0.4,-0.195,#N/A
0.404,-0.193,#N/A
0.407,-0.193,#N/A
0.41,-0.195,#N/A
0.414,-0.197,#N/A
0.417,-0.199,#N/A
0.42,-0.201,#N/A
0.424,-0.202,#N/A
0.427,-0.202,#N/A
0.43,-0.201,#N/A
0.434,-0.199,#N/A
0.437,-0.198,#N/A
0.44,-0.198,#N/A
0.444,-0.198,#N/A
0.447,-0.199,#N/A
0.45,-0.199,#N/A
0.454,-0.198,#N/A
0.457,-0.198,#N/A
0.46,-0.197,#N/A
0.464,-0.198,#N/A
0.467,-0.198,#N/A
0.47,-0.198,#N/A
0.474,-0.198,#N/A
0.477,-0.199,#N/A
0.48,-0.2,#N/A
0.484,-0.203,#N/A
0.487,-0.206,#N/A
0.49,-0.21,#N/A
0.494,-0.213,#N/A
0.497,-0.216,#N/A
0.5,-0.219,#N/A
0.504,-0.223,#N/A
0.507,-0.226,#N/A
0.51,-0.229,#N/A
0.514,-0.229,#N/A
0.517,-0.227,#N/A
0.52,-0.222,#N/A
0.524,-0.215,#N/A
0.527,-0.207,#N/A
0.53,-0.198,#N/A
0.534,-0.19,#N/A
0.537,-0.181,#N/A
0.54,-0.173,#N/A
0.544,-0.164,#N/A
0.547,-0.152,#N/A
0.55,-0.135,#N/A
0.554,-0.111,#N/A
0.557,-0.078,#N/A
0.56,-0.034,#N/A
0.564,0.027,#N/A
0.567,0.109,-1.47665
0.57,0.221,#N/A
0.574,0.368,#N/A
0.577,0.55,#N/A
0.58,0.757,#N/A
0.584,0.972,#N/A
0.587,1.173,#N/A
0.59,1.338,#N/A
0.594,1.456,#N/A
0.597,1.529,#N/A
0.6,1.57,#N/A
0.604,1.605,#N/A
0.607,1.668,#N/A
0.61,1.802,#N/A
0.614,2.063,#N/A
0.617,2.563,#N/A
0.62,3.769,#N/A
0.624,7.3,#N/A
0.627,16.856,#N/A
0.63,37.956,#N/A
0.634,75.507,#N/A
0.637,130.413,#N/A
0.64,197.644,#N/A
0.644,267.041,#N/A
0.647,326.299,#N/A
0.65,364.775,#N/A
0.654,376.399,#N/A
0.657,360.653,#N/A
0.66,321.747,#N/A
0.664,266.885,#N/A
0.667,204.386,#N/A
0.67,141.997,#N/A
0.674,85.649,#N/A
0.677,38.864,#N/A
0.68,2.833,#N/A
0.684,-23.012,#N/A
0.687,-40.267,#N/A
0.69,-50.892,#N/A
0.694,-56.778,#N/A
0.697,-59.555,#N/A
0.7,-60.582,1.72517
0.704,-60.942,#N/A
0.707,-61.361,#N/A
0.71,-62.061,#N/A
0.714,-62.729,#N/A
0.717,-62.716,#N/A
0.72,-61.446,#N/A
0.724,-58.786,#N/A
0.727,-55.147,#N/A
0.73,-51.241,#N/A
0.734,-47.677,#N/A
0.737,-44.684,#N/A
0.74,-42.101,#N/A
0.744,-39.552,#N/A
0.747,-36.651,#N/A
0.75,-33.139,#N/A
0.754,-28.929,#N/A
0.757,-24.072,#N/A
0.76,-18.705,#N/A
0.764,-12.995,#N/A
0.767,-7.103,#N/A
0.77,-1.173,#N/A
0.774,4.679,#N/A
0.777,10.35,#N/A
0.78,15.746,#N/A
0.784,20.782,#N/A
0.787,25.379,#N/A
0.79,29.472,#N/A
0.794,33.02,#N/A
0.797,36.003,#N/A
0.8,38.435,#N/A
0.804,40.351,#N/A
0.807,41.809,#N/A
0.81,42.877,#N/A
0.814,43.631,#N/A
0.817,44.154,#N/A
0.82,44.573,#N/A
0.824,45.137,#N/A
0.827,46.27,#N/A
0.83,48.465,#N/A
0.834,51.927,#N/A
0.837,56.139,#N/A
0.84,59.794,#N/A
0.844,61.297,#N/A
0.847,59.51,#N/A
0.85,54.239,#N/A
0.854,46.214,#N/A
0.857,36.721,#N/A
0.86,27.164,#N/A
0.864,18.718,#N/A
0.867,12.126,#N/A
0.87,7.644,#N/A
0.874,5.129,#N/A
0.877,4.192,#N/A
0.88,4.37,#N/A
0.884,5.233,#N/A
0.887,6.435,#N/A
0.89,7.716,#N/A
0.894,8.89,#N/A
0.897,9.819,#N/A
0.9,10.414,#N/A
0.904,10.63,#N/A
0.907,10.468,#N/A
0.91,9.973,#N/A
0.914,9.223,#N/A
0.917,8.317,#N/A
0.92,7.352,#N/A
0.924,6.414,#N/A
0.927,5.566,#N/A
0.93,4.845,#N/A
0.934,4.265,#N/A
0.937,3.819,#N/A
0.94,3.492,#N/A
0.944,3.259,#N/A
0.947,3.101,#N/A
0.95,2.999,#N/A
0.954,2.94,#N/A
0.957,2.912,#N/A
0.96,2.907,#N/A
0.964,2.916,#N/A
0.967,2.931,14.17843
0.97,2.95,#N/A
0.974,2.967,#N/A
0.977,2.98,#N/A
0.98,2.989,#N/A
0.984,2.993,#N/A
0.987,2.998,#N/A
0.99,3.007,#N/A
0.994,3.024,#N/A
0.997,3.053,#N/A
1,3.095,#N/A
1.004,3.152,#N/A
1.007,3.224,#N/A
1.01,3.311,#N/A
1.014,3.412,#N/A
1.017,3.522,#N/A
1.02,3.639,#N/A
1.024,3.761,#N/A
1.027,3.887,#N/A
1.03,4.019,#N/A
1.034,4.157,#N/A
1.037,4.303,#N/A
1.04,4.46,#N/A
1.044,4.631,#N/A
1.047,4.818,#N/A
1.05,5.023,#N/A
1.054,5.249,#N/A
1.057,5.497,#N/A
1.06,5.767,#N/A
1.064,6.061,#N/A
1.067,6.382,#N/A
1.07,6.732,#N/A
1.074,7.111,#N/A
1.077,7.522,#N/A
1.08,7.965,#N/A
1.084,8.439,#N/A
1.087,8.941,#N/A
1.09,9.466,#N/A
1.094,10.008,#N/A
1.097,10.557,#N/A
1.1,11.102,12.2295
1.104,11.627,#N/A
1.107,12.114,#N/A
1.11,12.548,#N/A
1.114,12.915,#N/A
1.117,13.205,#N/A
1.12,13.413,#N/A
1.124,13.543,#N/A
1.127,13.603,#N/A
1.13,13.611,#N/A
1.134,13.587,#N/A
1.137,13.551,#N/A
1.14,13.522,#N/A
1.144,13.517,#N/A
1.147,13.551,#N/A
1.15,13.634,#N/A
1.154,13.773,#N/A
1.157,13.975,#N/A
1.16,14.244,#N/A
1.164,14.584,#N/A
1.167,14.998,#N/A
1.17,15.487,#N/A
1.174,16.055,#N/A
1.177,16.706,#N/A
1.18,17.445,#N/A
1.184,18.278,#N/A
1.187,19.214,#N/A
1.19,20.259,#N/A
1.194,21.422,#N/A
1.197,22.705,#N/A
1.2,24.102,#N/A
1.204,25.59,#N/A
1.207,27.129,#N/A
1.21,28.654,#N/A
1.214,30.079,#N/A
1.217,31.299,#N/A
1.22,32.208,#N/A
1.224,32.708,#N/A
1.227,32.724,#N/A
1.23,32.222,#N/A
1.234,31.208,#N/A
1.237,29.739,#N/A
1.24,27.909,#N/A
1.244,25.838,#N/A
1.247,23.658,#N/A
1.25,21.499,#N/A
1.254,19.469,#N/A
1.257,17.652,#N/A
1.26,16.102,#N/A
1.264,14.84,#N/A
1.267,13.862,#N/A
1.27,13.149,#N/A
1.274,12.666,#N/A
1.277,12.376,#N/A
1.28,12.242,#N/A
1.284,12.228,#N/A
1.287,12.303,#N/A
1.29,12.44,#N/A
1.294,12.617,#N/A
1.297,12.819,#N/A
1.3,13.035,#N/A
1.304,13.26,#N/A
1.307,13.49,#N/A
1.31,13.723,#N/A
1.314,13.959,#N/A
1.317,14.197,#N/A
1.32,14.439,#N/A
1.324,14.685,#N/A
1.327,14.94,#N/A
1.33,15.205,#N/A
1.334,15.482,#N/A
1.337,15.773,#N/A
1.34,16.078,#N/A
1.344,16.4,#N/A
1.347,16.741,#N/A
1.35,17.103,#N/A
1.354,17.49,#N/A
1.357,17.902,#N/A
1.36,18.342,#N/A
1.364,18.812,#N/A
1.367,19.314,14.2898
1.37,19.848,#N/A
1.374,20.417,#N/A
1.377,21.027,#N/A
1.38,21.682,#N/A
1.384,22.392,#N/A
1.387,23.167,#N/A
1.39,24.014,#N/A
1.394,24.942,#N/A
1.397,25.955,#N/A
1.4,27.058,#N/A
1.404,28.254,#N/A
1.407,29.542,#N/A
1.41,30.927,#N/A
1.414,32.416,#N/A
1.417,34.017,#N/A
1.42,35.741,#N/A
1.424,37.598,#N/A
1.427,39.591,#N/A
1.43,41.712,#N/A
1.434,43.929,#N/A
1.437,46.183,#N/A
1.44,48.385,#N/A
1.444,50.406,#N/A
1.447,52.087,#N/A
1.45,53.25,#N/A
1.454,53.717,#N/A
1.457,53.345,#N/A
1.46,52.045,#N/A
1.464,49.812,#N/A
1.467,46.72,#N/A
1.47,42.926,#N/A
1.474,38.643,#N/A
1.477,34.116,#N/A
1.48,29.584,#N/A
1.484,25.257,#N/A
1.487,21.295,#N/A
1.49,17.802,#N/A
1.494,14.824,#N/A
1.497,12.362,#N/A
1.5,10.381,5.79008
1.504,8.825,#N/A
1.507,7.629,#N/A
1.51,6.725,#N/A
1.514,6.054,#N/A
1.517,5.564,#N/A
1.52,5.212,#N/A
1.524,4.962,#N/A
1.527,4.787,#N/A
1.53,4.667,#N/A
1.534,4.588,#N/A
1.537,4.539,#N/A
1.54,4.511,#N/A
1.544,4.498,#N/A
1.547,4.495,#N/A
1.55,4.499,#N/A
1.554,4.509,#N/A
1.557,4.522,#N/A
1.56,4.54,#N/A
1.564,4.562,#N/A
1.567,4.588,#N/A
1.57,4.617,#N/A
1.574,4.648,#N/A
1.577,4.684,#N/A
1.58,4.724,#N/A
1.584,4.77,#N/A
1.587,4.821,#N/A
1.59,4.878,#N/A
1.594,4.94,#N/A
1.597,5.009,#N/A
1.6,5.084,#N/A
1.604,5.166,#N/A
1.607,5.254,#N/A
1.61,5.346,#N/A
1.614,5.442,#N/A
1.617,5.541,#N/A
1.62,5.644,#N/A
1.624,5.748,#N/A
1.627,5.853,#N/A
1.63,5.958,#N/A
1.634,6.06,#N/A
1.637,6.157,#N/A
1.64,6.249,#N/A
1.644,6.335,#N/A
1.647,6.415,#N/A
1.65,6.492,#N/A
1.654,6.565,#N/A
1.657,6.639,#N/A
1.66,6.714,#N/A
1.664,6.793,#N/A
1.667,6.878,#N/A
1.67,6.97,#N/A
1.674,7.073,#N/A
1.677,7.184,#N/A
1.68,7.305,#N/A
1.684,7.433,#N/A
1.687,7.565,#N/A
1.69,7.698,#N/A
1.694,7.828,#N/A
1.697,7.951,#N/A
1.7,8.062,#N/A
1.704,8.158,#N/A
1.707,8.237,#N/A
1.71,8.301,#N/A
1.714,8.349,#N/A
1.717,8.384,#N/A
1.72,8.409,#N/A
1.724,8.427,#N/A
1.727,8.442,#N/A
1.73,8.457,#N/A
1.734,8.475,#N/A
1.737,8.499,#N/A
1.74,8.527,#N/A
1.744,8.562,#N/A
1.747,8.602,#N/A
1.75,8.647,#N/A
1.754,8.7,#N/A
1.757,8.759,#N/A
1.76,8.827,#N/A
1.764,8.905,#N/A
1.767,8.993,-4.77789
1.77,9.093,#N/A
1.774,9.206,#N/A
1.777,9.332,#N/A
1.78,9.47,#N/A
1.784,9.616,#N/A
1.787,9.764,#N/A
1.79,9.906,#N/A
1.794,10.036,#N/A
1.797,10.149,#N/A
1.8,10.243,#N/A
1.804,10.322,#N/A
1.807,10.395,#N/A
1.81,10.476,#N/A
1.814,10.576,#N/A
1.817,10.708,#N/A
1.82,10.877,#N/A
1.824,11.082,#N/A
1.827,11.311,#N/A
1.83,11.547,#N/A
1.834,11.766,#N/A
1.837,11.942,#N/A
1.84,12.052,#N/A
1.844,12.079,#N/A
1.847,12.011,#N/A
1.85,11.85,#N/A
1.854,11.605,#N/A
1.857,11.297,#N/A
1.86,10.951,#N/A
1.864,10.593,#N/A
1.867,10.25,#N/A
1.87,9.944,#N/A
1.874,9.695,#N/A
1.877,9.514,#N/A
1.88,9.408,#N/A
1.884,9.376,#N/A
1.887,9.414,#N/A
1.89,9.518,#N/A
1.894,9.682,#N/A
1.897,9.902,3.23658
1.9,10.179,#N/A
1.904,10.522,#N/A
1.907,10.94,#N/A
1.91,11.444,#N/A
1.914,12.038,#N/A
1.917,12.712,#N/A
1.92,13.43,#N/A
1.924,14.138,#N/A
1.927,14.766,#N/A
1.93,15.241,#N/A
1.934,15.511,#N/A
1.937,15.552,#N/A
1.94,15.379,#N/A
1.944,15.037,#N/A
1.947,14.589,#N/A
1.95,14.103,#N/A
1.954,13.64,#N/A
1.957,13.24,#N/A
1.96,12.924,#N/A
1.964,12.693,#N/A
1.967,12.534,#N/A
1.97,12.428,#N/A
1.974,12.352,#N/A
1.977,12.291,#N/A
1.98,12.235,#N/A
1.984,12.18,#N/A
1.987,12.13,#N/A
1.99,12.091,#N/A
1.994,12.072,#N/A
1.997,12.08,#N/A
2,12.119,#N/A
2.004,12.194,#N/A
2.007,12.308,#N/A
2.01,12.46,#N/A
2.014,12.651,#N/A
2.017,12.873,#N/A
2.02,13.115,#N/A
2.024,13.356,#N/A
2.027,13.568,#N/A
2.03,13.723,-18.89371
2.034,13.793,#N/A
2.037,13.761,#N/A
2.04,13.621,#N/A
2.044,13.383,#N/A
2.047,13.067,#N/A
2.05,12.703,#N/A
2.054,12.32,#N/A
2.057,11.945,#N/A
2.06,11.6,#N/A
2.064,11.298,#N/A
2.067,11.046,#N/A
2.07,10.846,#N/A
2.074,10.694,#N/A
2.077,10.588,#N/A
2.08,10.526,#N/A
2.084,10.509,#N/A
2.087,10.537,#N/A
2.09,10.61,#N/A
2.094,10.721,#N/A
2.097,10.861,#N/A
2.1,11.011,#N/A
2.104,11.15,#N/A
2.107,11.253,#N/A
2.11,11.303,#N/A
2.114,11.289,#N/A
2.117,11.213,#N/A
2.12,11.087,#N/A
2.124,10.934,#N/A
2.127,10.781,#N/A
2.13,10.655,#N/A
2.134,10.576,#N/A
2.137,10.552,#N/A
2.14,10.58,#N/A
2.144,10.647,#N/A
2.147,10.731,#N/A
2.15,10.81,#N/A
2.154,10.865,#N/A
2.157,10.882,#N/A
2.16,10.859,#N/A
2.164,10.804,#N/A
2.167,10.728,#N/A
2.17,10.649,#N/A
2.174,10.581,#N/A
2.177,10.541,#N/A
2.18,10.539,#N/A
2.184,10.586,#N/A
2.187,10.686,#N/A
2.19,10.844,#N/A
2.194,11.06,#N/A
2.197,11.325,#N/A
2.2,11.63,#N/A
2.204,11.956,#N/A
2.207,12.286,#N/A
2.21,12.6,#N/A
2.214,12.881,#N/A
2.217,13.119,#N/A
2.22,13.306,#N/A
2.224,13.444,#N/A
2.227,13.541,#N/A
2.23,13.608,#N/A
2.234,13.662,#N/A
2.237,13.722,#N/A
2.24,13.806,#N/A
2.244,13.933,#N/A
2.247,14.117,#N/A
2.25,14.371,#N/A
2.254,14.697,#N/A
2.257,15.094,#N/A
2.26,15.553,#N/A
2.264,16.054,#N/A
2.267,16.571,#N/A
2.27,17.072,#N/A
2.274,17.517,#N/A
2.277,17.868,#N/A
2.28,18.094,#N/A
2.284,18.174,#N/A
2.287,18.109,#N/A
2.29,17.918,#N/A
2.294,17.638,#N/A
2.297,17.317,5.38836
2.3,17,#N/A
2.304,16.723,#N/A
2.307,16.506,#N/A
2.31,16.353,#N/A
2.314,16.252,#N/A
2.317,16.182,#N/A
2.32,16.124,#N/A
2.324,16.061,#N/A
2.327,15.984,#N/A
2.33,15.885,#N/A
2.334,15.759,#N/A
2.337,15.599,#N/A
2.34,15.401,#N/A
2.344,15.164,#N/A
2.347,14.894,#N/A
2.35,14.61,#N/A
2.354,14.334,#N/A
2.357,14.092,#N/A
2.36,13.905,#N/A
2.364,13.78,#N/A
2.367,13.71,#N/A
2.37,13.678,#N/A
2.374,13.658,#N/A
2.377,13.628,#N/A
2.38,13.571,#N/A
2.384,13.479,#N/A
2.387,13.352,#N/A
2.39,13.196,#N/A
2.394,13.02,#N/A
2.397,12.83,#N/A
2.4,12.631,#N/A
2.404,12.43,#N/A
2.407,12.23,#N/A
2.41,12.034,#N/A
2.414,11.847,#N/A
2.417,11.669,#N/A
2.42,11.498,#N/A
2.424,11.335,#N/A
2.427,11.176,#N/A
2.43,11.023,13.1801
2.434,10.876,#N/A
2.437,10.738,#N/A
2.44,10.612,#N/A
2.444,10.505,#N/A
2.447,10.424,#N/A
2.45,10.381,#N/A
2.454,10.389,#N/A
2.457,10.463,#N/A
2.46,10.615,#N/A
2.464,10.855,#N/A
2.467,11.184,#N/A
2.47,11.597,#N/A
2.474,12.084,#N/A
2.477,12.63,#N/A
2.48,13.218,#N/A
2.484,13.831,#N/A
2.487,14.45,#N/A
2.49,15.058,#N/A
2.494,15.637,#N/A
2.497,16.172,#N/A
2.5,16.653,#N/A
2.504,17.081,#N/A
2.507,17.463,#N/A
2.51,17.817,#N/A
2.514,18.164,#N/A
2.517,18.524,#N/A
2.52,18.912,#N/A
2.524,19.327,#N/A
2.527,19.757,#N/A
2.53,20.178,#N/A
2.534,20.562,#N/A
2.537,20.878,#N/A
2.54,21.098,#N/A
2.544,21.197,#N/A
2.547,21.15,#N/A
2.55,20.939,#N/A
2.554,20.554,#N/A
2.557,19.999,#N/A
2.56,19.293,#N/A
2.564,18.472,#N/A
2.567,17.583,#N/A
2.57,16.674,#N/A
2.574,15.795,#N/A
2.577,14.988,#N/A
2.58,14.286,#N/A
2.584,13.715,#N/A
2.587,13.289,#N/A
2.59,13.01,#N/A
2.594,12.869,#N/A
2.597,12.848,#N/A
2.6,12.919,#N/A
2.604,13.049,#N/A
2.607,13.205,#N/A
2.61,13.353,#N/A
2.614,13.469,#N/A
2.617,13.539,#N/A
2.62,13.56,#N/A
2.624,13.538,#N/A
2.627,13.486,#N/A
2.63,13.425,#N/A
2.634,13.377,#N/A
2.637,13.365,#N/A
2.64,13.413,#N/A
2.644,13.532,#N/A
2.647,13.723,#N/A
2.65,13.968,#N/A
2.654,14.231,#N/A
2.657,14.468,#N/A
2.66,14.631,#N/A
2.664,14.684,#N/A
2.667,14.609,#N/A
2.67,14.409,#N/A
2.674,14.104,#N/A
2.677,13.722,#N/A
2.68,13.298,#N/A
2.684,12.858,#N/A
2.687,12.426,#N/A
2.69,12.019,#N/A
2.694,11.649,#N/A
2.697,11.326,-0.76071
2.7,11.063,#N/A
2.704,10.873,#N/A
2.707,10.774,#N/A
2.71,10.785,#N/A
2.714,10.921,#N/A
2.717,11.19,#N/A
2.72,11.59,#N/A
2.724,12.106,#N/A
2.727,12.709,#N/A
2.73,13.363,#N/A
2.734,14.03,#N/A
2.737,14.678,#N/A
2.74,15.285,#N/A
2.744,15.842,#N/A
2.747,16.345,#N/A
2.75,16.795,#N/A
2.754,17.19,#N/A
2.757,17.524,#N/A
2.76,17.789,#N/A
2.764,17.972,#N/A
2.767,18.063,#N/A
2.77,18.054,#N/A
2.774,17.943,#N/A
2.777,17.735,#N/A
2.78,17.443,#N/A
2.784,17.083,#N/A
2.787,16.676,#N/A
2.79,16.241,#N/A
2.794,15.796,#N/A
2.797,15.355,#N/A
2.8,14.929,#N/A
2.804,14.532,#N/A
2.807,14.177,#N/A
2.81,13.878,#N/A
2.814,13.648,#N/A
2.817,13.501,#N/A
2.82,13.447,#N/A
2.824,13.491,#N/A
2.827,13.624,#N/A
2.83,13.829,0.37285
2.834,14.077,#N/A
2.837,14.338,#N/A
2.84,14.585,#N/A
2.844,14.797,#N/A
2.847,14.968,#N/A
2.85,15.102,#N/A
2.854,15.213,#N/A
2.857,15.325,#N/A
2.86,15.466,#N/A
2.864,15.672,#N/A
2.867,15.99,#N/A
2.87,16.486,#N/A
2.874,17.247,#N/A
2.877,18.379,#N/A
2.88,19.994,#N/A
2.884,22.181,#N/A
2.887,24.978,#N/A
2.89,28.348,#N/A
2.894,32.177,#N/A
2.897,36.291,#N/A
2.9,40.493,#N/A
2.904,44.608,#N/A
2.907,48.508,#N/A
2.91,52.121,#N/A
2.914,55.4,#N/A
2.917,58.289,#N/A
2.92,60.683,#N/A
2.924,62.424,#N/A
2.927,63.326,#N/A
2.93,63.239,#N/A
2.934,62.114,#N/A
2.937,60.058,#N/A
2.94,57.339,#N/A
2.944,54.345,#N/A
2.947,51.504,#N/A
2.95,49.192,#N/A
2.954,47.66,#N/A
2.957,47.008,#N/A
2.96,47.201,#N/A
2.964,48.11,#N/A
2.967,49.557,#N/A
2.97,51.335,#N/A
2.974,53.213,#N/A
2.977,54.93,#N/A
2.98,56.21,#N/A
2.984,56.79,#N/A
2.987,56.476,#N/A
2.99,55.187,#N/A
2.994,52.983,#N/A
2.997,50.056,#N/A
3,46.686,#N/A
3.004,43.185,#N/A
3.007,39.843,#N/A
3.01,36.887,#N/A
3.014,34.462,#N/A
3.017,32.629,#N/A
3.02,31.381,#N/A
3.024,30.658,#N/A
3.027,30.37,#N/A
3.03,30.412,#N/A
3.034,30.682,#N/A
3.037,31.095,#N/A
3.04,31.593,#N/A
3.044,32.148,#N/A
3.047,32.76,#N/A
3.05,33.44,#N/A
3.054,34.183,#N/A
3.057,34.95,#N/A
3.06,35.65,#N/A
3.064,36.149,#N/A
3.067,36.297,#N/A
3.07,35.966,#N/A
3.074,35.09,#N/A
3.077,33.685,#N/A
3.08,31.845,#N/A
3.084,29.723,#N/A
3.087,27.496,#N/A
3.09,25.331,#N/A
3.094,23.361,#N/A
3.097,21.675,-8.34165
3.1,20.316,#N/A
3.104,19.287,#N/A
3.107,18.57,#N/A
3.11,18.125,#N/A
3.114,17.914,#N/A
3.117,17.902,#N/A
3.12,18.076,#N/A
3.124,18.444,#N/A
3.127,19.043,#N/A
3.13,19.919,#N/A
3.134,21.105,#N/A
3.137,22.606,#N/A
3.14,24.385,#N/A
3.144,26.373,#N/A
3.147,28.487,#N/A
3.15,30.645,#N/A
3.154,32.764,#N/A
3.157,34.752,#N/A
3.16,36.485,#N/A
3.164,37.814,#N/A
3.167,38.582,#N/A
3.17,38.668,#N/A
3.174,38.023,#N/A
3.177,36.7,#N/A
3.18,34.845,#N/A
3.184,32.671,#N/A
3.187,30.408,#N/A
3.19,28.266,#N/A
3.194,26.4,#N/A
3.197,24.902,#N/A
3.2,23.802,#N/A
3.204,23.082,#N/A
3.207,22.693,#N/A
3.21,22.573,#N/A
3.214,22.659,#N/A
3.217,22.901,#N/A
3.22,23.282,#N/A
3.224,23.833,#N/A
3.227,24.652,7.22592
3.23,25.903,#N/A
3.234,27.789,#N/A
3.237,30.505,#N/A
3.24,34.173,#N/A
3.244,38.802,#N/A
3.247,44.271,#N/A
3.25,50.364,#N/A
3.254,56.812,#N/A
3.257,63.322,#N/A
3.26,69.576,#N/A
3.264,75.217,#N/A
3.267,79.828,#N/A
3.27,82.965,#N/A
3.274,84.227,#N/A
3.277,83.353,#N/A
3.28,80.309,#N/A
3.284,75.326,#N/A
3.287,68.868,#N/A
3.29,61.55,#N/A
3.294,54.023,#N/A
3.297,46.869,#N/A
3.3,40.526,#N/A
3.304,35.249,#N/A
3.307,31.122,#N/A
3.31,28.089,#N/A
3.314,26.003,#N/A
3.317,24.678,#N/A
3.32,23.924,#N/A
3.324,23.567,#N/A
3.327,23.46,#N/A
3.33,23.489,#N/A
3.334,23.574,#N/A
3.337,23.671,#N/A
3.34,23.772,#N/A
3.344,23.901,#N/A
3.347,24.096,#N/A
3.35,24.392,#N/A
3.354,24.81,#N/A
3.357,25.341,#N/A
3.36,25.948,-1.20618
3.364,26.566,#N/A
3.367,27.112,#N/A
3.37,27.505,#N/A
3.374,27.684,#N/A
3.377,27.625,#N/A
3.38,27.351,#N/A
3.384,26.927,#N/A
3.387,26.448,#N/A
3.39,26.02,#N/A
3.394,25.736,#N/A
3.397,25.652,#N/A
3.4,25.778,#N/A
3.404,26.073,#N/A
3.407,26.464,#N/A
3.41,26.863,#N/A
3.414,27.194,#N/A
3.417,27.414,#N/A
3.42,27.516,#N/A
3.424,27.523,#N/A
3.427,27.473,#N/A
3.43,27.396,#N/A
3.434,27.302,#N/A
3.437,27.175,#N/A
3.44,26.978,#N/A
3.444,26.669,#N/A
3.447,26.211,#N/A
3.45,25.589,#N/A
3.454,24.818,#N/A
3.457,23.941,#N/A
3.46,23.021,#N/A
3.464,22.128,#N/A
3.467,21.328,#N/A
3.47,20.67,#N/A
3.474,20.185,#N/A
3.477,19.885,#N/A
3.48,19.77,#N/A
3.484,19.852,#N/A
3.487,20.169,#N/A
3.49,20.81,#N/A
3.494,21.913,#N/A
3.497,23.649,#N/A
3.5,26.183,#N/A
3.504,29.63,#N/A
3.507,34.014,#N/A
3.51,39.255,#N/A
3.514,45.158,#N/A
3.517,51.425,#N/A
3.52,57.66,#N/A
3.524,63.392,#N/A
3.527,68.116,#N/A
3.53,71.356,#N/A
3.534,72.755,#N/A
3.537,72.153,#N/A
3.54,69.643,#N/A
3.544,65.562,#N/A
3.547,60.435,#N/A
3.55,54.878,#N/A
3.554,49.486,#N/A
3.557,44.743,#N/A
3.56,40.959,#N/A
3.564,38.254,#N/A
3.567,36.564,#N/A
3.57,35.689,#N/A
3.574,35.347,#N/A
3.577,35.236,#N/A
3.58,35.095,#N/A
3.584,34.745,#N/A
3.587,34.101,#N/A
3.59,33.164,#N/A
3.594,31.995,#N/A
3.597,30.681,#N/A
3.6,29.302,#N/A
3.604,27.921,#N/A
3.607,26.581,#N/A
3.61,25.308,#N/A
3.614,24.127,#N/A
3.617,23.067,#N/A
3.62,22.167,#N/A
3.624,21.475,#N/A
3.627,21.044,6.0327
3.63,20.92,#N/A
3.634,21.142,#N/A
3.637,21.729,#N/A
3.64,22.676,#N/A
3.644,23.958,#N/A
3.647,25.521,#N/A
3.65,27.29,#N/A
3.654,29.169,#N/A
3.657,31.036,#N/A
3.66,32.75,#N/A
3.664,34.161,#N/A
3.667,35.129,#N/A
3.67,35.545,#N/A
3.674,35.36,#N/A
3.677,34.592,#N/A
3.68,33.324,#N/A
3.684,31.695,#N/A
3.687,29.87,#N/A
3.69,28.012,#N/A
3.694,26.261,#N/A
3.697,24.714,#N/A
3.7,23.422,#N/A
3.704,22.394,#N/A
3.707,21.608,#N/A
3.71,21.034,#N/A
3.714,20.653,#N/A
3.717,20.468,#N/A
3.72,20.515,#N/A
3.724,20.848,#N/A
3.727,21.521,#N/A
3.73,22.56,#N/A
3.734,23.933,#N/A
3.737,25.538,#N/A
3.74,27.21,#N/A
3.744,28.749,#N/A
3.747,29.958,#N/A
3.75,30.691,#N/A
3.754,30.877,#N/A
3.757,30.54,#N/A
3.76,29.781,-7.22002
3.764,28.761,#N/A
3.767,27.671,#N/A
3.77,26.702,#N/A
3.774,26.025,#N/A
3.777,25.77,#N/A
3.78,26.004,#N/A
3.784,26.722,#N/A
3.787,27.84,#N/A
3.79,29.207,#N/A
3.794,30.631,#N/A
3.797,31.912,#N/A
3.8,32.887,#N/A
3.804,33.455,#N/A
3.807,33.585,#N/A
3.81,33.31,#N/A
3.814,32.708,#N/A
3.817,31.876,#N/A
3.82,30.913,#N/A
3.824,29.904,#N/A
3.827,28.909,#N/A
3.83,27.969,#N/A
3.834,27.107,#N/A
3.837,26.336,#N/A
3.84,25.677,#N/A
3.844,25.159,#N/A
3.847,24.826,#N/A
3.85,24.73,#N/A
3.854,24.918,#N/A
3.857,25.413,#N/A
3.86,26.21,#N/A
3.864,27.269,#N/A
3.867,28.518,#N/A
3.87,29.859,#N/A
3.874,31.184,#N/A
3.877,32.384,#N/A
3.88,33.37,#N/A
3.884,34.088,#N/A
3.887,34.533,#N/A
3.89,34.747,#N/A
3.894,34.8,#N/A
3.897,34.766,#N/A
3.9,34.691,#N/A
3.904,34.584,#N/A
3.907,34.415,#N/A
3.91,34.128,#N/A
3.914,33.669,#N/A
3.917,33,#N/A
3.92,32.12,#N/A
3.924,31.063,#N/A
3.927,29.89,#N/A
3.93,28.679,#N/A
3.934,27.506,#N/A
3.937,26.438,#N/A
3.94,25.527,#N/A
3.944,24.808,#N/A
3.947,24.303,#N/A
3.95,24.02,#N/A
3.954,23.957,#N/A
3.957,24.11,#N/A
3.96,24.472,#N/A
3.964,25.041,#N/A
3.967,25.817,#N/A
3.97,26.796,#N/A
3.974,27.955,#N/A
3.977,29.238,#N/A
3.98,30.56,#N/A
3.984,31.804,#N/A
3.987,32.851,#N/A
3.99,33.601,#N/A
3.994,33.997,#N/A
3.997,34.037,#N/A
4,33.768,#N/A
4.004,33.277,#N/A
4.007,32.667,#N/A
4.01,32.04,#N/A
4.014,31.482,#N/A
4.017,31.046,#N/A
4.02,30.746,#N/A
4.024,30.552,#N/A
4.027,30.405,-6.65523
4.03,30.226,#N/A
4.034,29.945,#N/A
4.037,29.515,#N/A
4.04,28.925,#N/A
4.044,28.194,#N/A
4.047,27.372,#N/A
4.05,26.516,#N/A
4.054,25.682,#N/A
4.057,24.912,#N/A
4.06,24.23,#N/A
4.064,23.636,#N/A
4.067,23.122,#N/A
4.07,22.671,#N/A
4.074,22.276,#N/A
4.077,21.943,#N/A
4.08,21.701,#N/A
4.084,21.596,#N/A
4.087,21.689,#N/A
4.09,22.039,#N/A
4.094,22.69,#N/A
4.097,23.653,#N/A
4.1,24.895,#N/A
4.104,26.329,#N/A
4.107,27.826,#N/A
4.11,29.223,#N/A
4.114,30.361,#N/A
4.117,31.114,#N/A
4.12,31.415,#N/A
4.124,31.267,#N/A
4.127,30.741,#N/A
4.13,29.952,#N/A
4.134,29.032,#N/A
4.137,28.1,#N/A
4.14,27.254,#N/A
4.144,26.577,#N/A
4.147,26.159,#N/A
4.15,26.12,#N/A
4.154,26.612,#N/A
4.157,27.786,#N/A
4.16,29.736,-1.65961
4.164,32.435,#N/A
4.167,35.697,#N/A
4.17,39.197,#N/A
4.174,42.538,#N/A
4.177,45.351,#N/A
4.18,47.379,#N/A
4.184,48.535,#N/A
4.187,48.887,#N/A
4.19,48.609,#N/A
4.194,47.906,#N/A
4.197,46.946,#N/A
4.2,45.829,#N/A
4.204,44.59,#N/A
4.207,43.226,#N/A
4.21,41.73,#N/A
4.214,40.121,#N/A
4.217,38.445,#N/A
4.22,36.769,#N/A
4.224,35.164,#N/A
4.227,33.691,#N/A
4.23,32.399,#N/A
4.234,31.32,#N/A
4.237,30.472,#N/A
4.24,29.853,#N/A
4.244,29.437,#N/A
4.247,29.173,#N/A
4.25,28.993,#N/A
4.254,28.817,#N/A
4.257,28.574,#N/A
4.26,28.21,#N/A
4.264,27.699,#N/A
4.267,27.044,#N/A
4.27,26.275,#N/A
4.274,25.44,#N/A
4.277,24.596,#N/A
4.28,23.799,#N/A
4.284,23.096,#N/A
4.287,22.518,#N/A
4.29,22.079,#N/A
4.294,21.781,#N/A
4.297,21.615,#N/A
4.3,21.569,#N/A
4.304,21.623,#N/A
4.307,21.754,#N/A
4.31,21.933,#N/A
4.314,22.128,#N/A
4.317,22.307,#N/A
4.32,22.448,#N/A
4.324,22.54,#N/A
4.327,22.583,#N/A
4.33,22.586,#N/A
4.334,22.562,#N/A
4.337,22.519,#N/A
4.34,22.463,#N/A
4.344,22.39,#N/A
4.347,22.293,#N/A
4.35,22.164,#N/A
4.354,22.001,#N/A
4.357,21.805,#N/A
4.36,21.589,#N/A
4.364,21.372,#N/A
4.367,21.177,#N/A
4.37,21.028,#N/A
4.374,20.941,#N/A
4.377,20.922,#N/A
4.38,20.962,#N/A
4.384,21.044,#N/A
4.387,21.143,#N/A
4.39,21.24,#N/A
4.394,21.322,#N/A
4.397,21.394,#N/A
4.4,21.471,#N/A
4.404,21.577,#N/A
4.407,21.732,#N/A
4.41,21.949,#N/A
4.414,22.226,#N/A
4.417,22.55,#N/A
4.42,22.902,#N/A
4.424,23.258,#N/A
4.427,23.589,-14.12878
4.43,23.867,#N/A
4.434,24.067,#N/A
4.437,24.176,#N/A
4.44,24.196,#N/A
4.444,24.147,#N/A
4.447,24.067,#N/A
4.45,23.994,#N/A
4.454,23.961,#N/A
4.457,23.984,#N/A
4.46,24.065,#N/A
4.464,24.197,#N/A
4.467,24.375,#N/A
4.47,24.593,#N/A
4.474,24.851,#N/A
4.477,25.149,#N/A
4.48,25.487,#N/A
4.484,25.87,#N/A
4.487,26.315,#N/A
4.49,26.858,#N/A
4.494,27.536,#N/A
4.497,28.375,#N/A
4.5,29.367,#N/A
4.504,30.454,#N/A
4.507,31.539,#N/A
4.51,32.502,#N/A
4.514,33.233,#N/A
4.517,33.654,#N/A
4.52,33.732,#N/A
4.524,33.476,#N/A
4.527,32.926,#N/A
4.53,32.135,#N/A
4.534,31.159,#N/A
4.537,30.049,#N/A
4.54,28.853,#N/A
4.544,27.617,#N/A
4.547,26.387,#N/A
4.55,25.215,#N/A
4.554,24.149,#N/A
4.557,23.231,4.15536
4.56,22.488,#N/A
4.564,21.926,#N/A
4.567,21.532,#N/A
4.57,21.271,#N/A
4.574,21.099,#N/A
4.577,20.972,#N/A
4.58,20.855,#N/A
4.584,20.725,#N/A
4.587,20.575,#N/A
4.59,20.409,#N/A
4.594,20.245,#N/A
4.597,20.101,#N/A
4.6,19.999,#N/A
4.604,19.954,#N/A
4.607,19.977,#N/A
4.61,20.063,#N/A
4.614,20.198,#N/A
4.617,20.359,#N/A
4.62,20.521,#N/A
4.624,20.664,#N/A
4.627,20.775,#N/A
4.63,20.85,#N/A
4.634,20.896,#N/A
4.637,20.922,#N/A
4.64,20.94,#N/A
4.644,20.968,#N/A
4.647,21.033,#N/A
4.65,21.185,#N/A
4.654,21.51,#N/A
4.657,22.132,#N/A
4.66,23.189,#N/A
4.664,24.79,#N/A
4.667,26.954,#N/A
4.67,29.572,#N/A
4.674,32.392,#N/A
4.677,35.07,#N/A
4.68,37.241,#N/A
4.684,38.616,#N/A
4.687,39.043,#N/A
4.69,38.54,4.24684
4.694,37.267,#N/A
4.697,35.482,#N/A
4.7,33.465,#N/A
4.704,31.464,#N/A
4.707,29.656,#N/A
4.71,28.137,#N/A
4.714,26.928,#N/A
4.717,26.003,#N/A
4.72,25.307,#N/A
4.724,24.777,#N/A
4.727,24.361,#N/A
4.73,24.019,#N/A
4.734,23.725,#N/A
4.737,23.462,#N/A
4.74,23.218,#N/A
4.744,22.987,#N/A
4.747,22.76,#N/A
4.75,22.529,#N/A
4.754,22.293,#N/A
4.757,22.054,#N/A
4.76,21.822,#N/A
4.764,21.608,#N/A
4.767,21.431,#N/A
4.77,21.312,#N/A
4.774,21.272,#N/A
4.777,21.331,#N/A
4.78,21.503,#N/A
4.784,21.784,#N/A
4.787,22.152,#N/A
4.79,22.562,#N/A
4.794,22.954,#N/A
4.797,23.267,#N/A
4.8,23.455,#N/A
4.804,23.492,#N/A
4.807,23.383,#N/A
4.81,23.162,#N/A
4.814,22.881,#N/A
4.817,22.605,#N/A
4.82,22.396,#N/A
4.824,22.3,#N/A
4.827,22.344,#N/A
4.83,22.523,#N/A
4.834,22.814,#N/A
4.837,23.177,#N/A
4.84,23.572,#N/A
4.844,23.957,#N/A
4.847,24.301,#N/A
4.85,24.572,#N/A
4.854,24.745,#N/A
4.857,24.804,#N/A
4.86,24.739,#N/A
4.864,24.561,#N/A
4.867,24.302,#N/A
4.87,24.02,#N/A
4.874,23.801,#N/A
4.877,23.759,#N/A
4.88,24.017,#N/A
4.884,24.685,#N/A
4.887,25.819,#N/A
4.89,27.389,#N/A
4.894,29.265,#N/A
4.897,31.23,#N/A
4.9,33.027,#N/A
4.904,34.41,#N/A
4.907,35.204,#N/A
4.91,35.335,#N/A
4.914,34.837,#N/A
4.917,33.833,#N/A
4.92,32.493,#N/A
4.924,30.994,#N/A
4.927,29.491,#N/A
4.93,28.092,#N/A
4.934,26.863,#N/A
4.937,25.824,#N/A
4.94,24.967,#N/A
4.944,24.265,#N/A
4.947,23.684,#N/A
4.95,23.193,#N/A
4.954,22.767,#N/A
4.957,22.388,-5.69667
4.96,22.045,#N/A
4.964,21.736,#N/A
4.967,21.465,#N/A
4.97,21.24,#N/A
4.974,21.072,#N/A
4.977,20.974,#N/A
4.98,20.956,#N/A
4.984,21.03,#N/A
4.987,21.201,#N/A
4.99,21.472,#N/A
4.994,21.846,#N/A
4.997,22.33,#N/A
5,22.938,#N/A
5.004,23.689,#N/A
5.007,24.593,#N/A
5.01,25.635,#N/A
5.014,26.765,#N/A
5.017,27.891,#N/A
5.02,28.9,#N/A
5.024,29.681,#N/A
5.027,30.156,#N/A
5.03,30.305,#N/A
5.034,30.162,#N/A
5.037,29.808,#N/A
5.04,29.341,#N/A
5.044,28.846,#N/A
5.047,28.378,#N/A
5.05,27.952,#N/A
5.054,27.558,#N/A
5.057,27.166,#N/A
5.06,26.746,#N/A
5.064,26.276,#N/A
5.067,25.747,#N/A
5.07,25.168,#N/A
5.074,24.558,#N/A
5.077,23.946,#N/A
5.08,23.363,#N/A
5.084,22.837,#N/A
5.087,22.397,#N/A
5.09,22.064,3.3042
5.094,21.86,#N/A
5.097,21.796,#N/A
5.1,21.875,#N/A
5.104,22.083,#N/A
5.107,22.384,#N/A
5.11,22.731,#N/A
5.114,23.066,#N/A
5.117,23.335,#N/A
5.12,23.496,#N/A
5.124,23.528,#N/A
5.127,23.435,#N/A
5.13,23.238,#N/A
5.134,22.971,#N/A
5.137,22.669,#N/A
5.14,22.368,#N/A
5.144,22.091,#N/A
5.147,21.853,#N/A
5.15,21.664,#N/A
5.154,21.523,#N/A
5.157,21.431,#N/A
5.16,21.384,#N/A
5.164,21.382,#N/A
5.167,21.424,#N/A
5.17,21.515,#N/A
5.174,21.658,#N/A
5.177,21.853,#N/A
5.18,22.093,#N/A
5.184,22.361,#N/A
5.187,22.633,#N/A
5.19,22.88,#N/A
5.194,23.075,#N/A
5.197,23.206,#N/A
5.2,23.277,#N/A
5.204,23.311,#N/A
5.207,23.344,#N/A
5.21,23.416,#N/A
5.214,23.566,#N/A
5.217,23.829,#N/A
5.22,24.226,#N/A
5.224,24.769,#N/A
5.227,25.449,#N/A
5.23,26.229,#N/A
5.234,27.048,#N/A
5.237,27.825,#N/A
5.24,28.474,#N/A
5.244,28.923,#N/A
5.247,29.131,#N/A
5.25,29.093,#N/A
5.254,28.835,#N/A
5.257,28.4,#N/A
5.26,27.84,#N/A
5.264,27.199,#N/A
5.267,26.515,#N/A
5.27,25.823,#N/A
5.274,25.161,#N/A
5.277,24.586,#N/A
5.28,24.199,#N/A
5.284,24.189,#N/A
5.287,24.883,#N/A
5.29,26.774,#N/A
5.294,30.475,#N/A
5.297,36.555,#N/A
5.3,45.307,#N/A
5.304,56.505,#N/A
5.307,69.299,#N/A
5.31,82.294,#N/A
5.314,93.835,#N/A
5.317,102.39,#N/A
5.32,106.907,#N/A
5.324,107.028,#N/A
5.327,103.104,#N/A
5.33,96.039,#N/A
5.334,87.032,#N/A
5.337,77.308,#N/A
5.34,67.911,#N/A
5.344,59.582,#N/A
5.347,52.728,#N/A
5.35,47.468,#N/A
5.354,43.716,#N/A
5.357,41.278,-0.72889
5.36,39.936,#N/A
5.364,39.503,#N/A
5.367,39.831,#N/A
5.37,40.784,#N/A
5.374,42.192,#N/A
5.377,43.824,#N/A
5.38,45.396,#N/A
5.384,46.619,#N/A
5.387,47.261,#N/A
5.39,47.209,#N/A
5.394,46.487,#N/A
5.397,45.236,#N/A
5.4,43.659,#N/A
5.404,41.964,#N/A
5.407,40.306,#N/A
5.41,38.783,#N/A
5.414,37.443,#N/A
5.417,36.336,#N/A
5.42,35.57,#N/A
5.424,35.353,#N/A
5.427,36.011,#N/A
5.43,37.949,#N/A
5.434,41.562,#N/A
5.437,47.087,#N/A
5.44,54.459,#N/A
5.444,63.205,#N/A
5.447,72.457,#N/A
5.45,81.099,#N/A
5.454,88.014,#N/A
5.457,92.372,#N/A
5.46,93.842,#N/A
5.464,92.667,#N/A
5.467,89.565,#N/A
5.47,85.491,#N/A
5.474,81.36,#N/A
5.477,77.807,#N/A
5.48,75.08,#N/A
5.484,73.065,#N/A
5.487,71.44,#N/A
5.49,69.87,2.49281
5.494,68.202,#N/A
5.497,66.584,#N/A
5.5,65.459,#N/A
5.504,65.437,#N/A
5.507,67.07,#N/A
5.51,70.611,#N/A
5.514,75.856,#N/A
5.517,82.131,#N/A
5.52,88.43,#N/A
5.524,93.661,#N/A
5.527,96.902,#N/A
5.53,97.596,#N/A
5.534,95.636,#N/A
5.537,91.32,#N/A
5.54,85.24,#N/A
5.544,78.138,#N/A
5.547,70.776,#N/A
5.55,63.852,#N/A
5.554,57.939,#N/A
5.557,53.433,#N/A
5.56,50.512,#N/A
5.564,49.109,#N/A
5.567,48.924,#N/A
5.57,49.482,#N/A
5.574,50.242,#N/A
5.577,50.717,#N/A
5.58,50.579,#N/A
5.584,49.709,#N/A
5.587,48.191,#N/A
5.59,46.252,#N/A
5.594,44.182,#N/A
5.597,42.253,#N/A
5.6,40.666,#N/A
5.604,39.536,#N/A
5.607,38.893,#N/A
5.61,38.697,#N/A
5.614,38.858,#N/A
5.617,39.244,#N/A
5.62,39.694,#N/A
5.624,40.042,#N/A
5.627,40.149,#N/A
5.63,39.923,#N/A
5.634,39.35,#N/A
5.637,38.487,#N/A
5.64,37.448,#N/A
5.644,36.367,#N/A
5.647,35.365,#N/A
5.65,34.516,#N/A
5.654,33.842,#N/A
5.657,33.325,#N/A
5.66,32.936,#N/A
5.664,32.692,#N/A
5.667,32.711,#N/A
5.67,33.269,#N/A
5.674,34.821,#N/A
5.677,37.951,#N/A
5.68,43.322,#N/A
5.684,51.71,#N/A
5.687,64.266,#N/A
5.69,82.89,#N/A
5.694,110.376,#N/A
5.697,149.908,#N/A
5.7,203.768,#N/A
5.704,271.694,#N/A
5.707,349.664,#N/A
5.71,429.876,#N/A
5.714,502.151,#N/A
5.717,556.369,#N/A
5.72,585.033,#N/A
5.724,585.035,#N/A
5.727,558.06,#N/A
5.73,509.686,#N/A
5.734,447.677,#N/A
5.737,380.12,#N/A
5.74,313.967,#N/A
5.744,254.216,#N/A
5.747,203.721,#N/A
5.75,163.46,#N/A
5.754,133.008,#N/A
5.757,111.052,-1.09879
5.76,95.836,#N/A
5.764,85.516,#N/A
5.767,78.404,#N/A
5.77,73.133,#N/A
5.774,68.731,#N/A
5.777,64.628,#N/A
5.78,60.597,#N/A
5.784,56.656,#N/A
5.787,52.948,#N/A
5.79,49.639,#N/A
5.794,46.838,#N/A
5.797,44.57,#N/A
5.8,42.774,#N/A
5.804,41.343,#N/A
5.807,40.162,#N/A
5.81,39.139,#N/A
5.814,38.227,#N/A
5.817,37.421,#N/A
5.82,36.747,#N/A
5.824,36.248,#N/A
5.827,35.967,#N/A
5.83,35.929,#N/A
5.834,36.136,#N/A
5.837,36.558,#N/A
5.84,37.142,#N/A
5.844,37.81,#N/A
5.847,38.478,#N/A
5.85,39.069,#N/A
5.854,39.538,#N/A
5.857,39.916,#N/A
5.86,40.36,#N/A
5.864,41.194,#N/A
5.867,42.909,#N/A
5.87,46.084,#N/A
5.874,51.237,#N/A
5.877,58.648,#N/A
5.88,68.203,#N/A
5.884,79.344,#N/A
5.887,91.114,-7.79675
5.89,102.318,#N/A
5.894,111.729,#N/A
5.897,118.316,#N/A
5.9,121.414,#N/A
5.904,120.821,#N/A
5.907,116.801,#N/A
5.91,109.992,#N/A
5.914,101.271,#N/A
5.917,91.587,#N/A
5.92,81.81,#N/A
5.924,72.622,#N/A
5.927,64.462,#N/A
5.93,57.533,#N/A
5.934,51.841,#N/A
5.937,47.266,#N/A
5.94,43.622,#N/A
5.944,40.717,#N/A
5.947,38.381,#N/A
5.95,36.489,#N/A
5.954,34.958,#N/A
5.957,33.745,#N/A
5.96,32.857,#N/A
5.964,32.366,#N/A
5.967,32.445,#N/A
5.97,33.405,#N/A
5.974,35.68,#N/A
5.977,39.738,#N/A
5.98,45.905,#N/A
5.984,54.2,#N/A
5.987,64.288,#N/A
5.99,75.677,#N/A
5.994,88.127,#N/A
5.997,102.106,#N/A
6,118.966,#N/A
6.004,140.589,#N/A
6.007,168.518,#N/A
6.01,202.899,#N/A
6.014,241.763,#N/A
6.017,281.043,#N/A
6.02,315.408,-2.88067
6.024,339.627,#N/A
6.027,349.95,#N/A
6.03,345.006,#N/A
6.034,325.968,#N/A
6.037,296.027,#N/A
6.04,259.459,#N/A
6.044,220.625,#N/A
6.047,183.207,#N/A
6.05,149.805,#N/A
6.054,121.886,#N/A
6.057,99.97,#N/A
6.06,83.898,#N/A
6.064,73.075,#N/A
6.067,66.637,#N/A
6.07,63.564,#N/A
6.074,62.762,#N/A
6.077,63.18,#N/A
6.08,63.92,#N/A
6.084,64.346,#N/A
6.087,64.132,#N/A
6.09,63.237,#N/A
6.094,61.811,#N/A
6.097,60.08,#N/A
6.1,58.239,#N/A
6.104,56.401,#N/A
6.107,54.591,#N/A
6.11,52.789,#N/A
6.114,50.975,#N/A
6.117,49.165,#N/A
6.12,47.424,#N/A
6.124,45.871,#N/A
6.127,44.665,#N/A
6.13,43.996,#N/A
6.134,44.05,#N/A
6.137,44.962,#N/A
6.14,46.748,#N/A
6.144,49.252,#N/A
6.147,52.139,#N/A
6.15,54.94,#N/A
6.154,57.151,#N/A
6.157,58.351,#N/A
6.16,58.294,#N/A
6.164,56.953,#N/A
6.167,54.508,#N/A
6.17,51.28,#N/A
6.174,47.65,#N/A
6.177,43.977,#N/A
6.18,40.544,#N/A
6.184,37.531,#N/A
6.187,35.021,#N/A
6.19,33.017,#N/A
6.194,31.475,#N/A
6.197,30.328,#N/A
6.2,29.506,#N/A
6.204,28.952,#N/A
6.207,28.618,#N/A
6.21,28.47,#N/A
6.214,28.474,#N/A
6.217,28.596,#N/A
6.22,28.794,#N/A
6.224,29.021,#N/A
6.227,29.23,#N/A
6.23,29.377,#N/A
6.234,29.434,#N/A
6.237,29.395,#N/A
6.24,29.273,#N/A
6.244,29.104,#N/A
6.247,28.929,#N/A
6.25,28.79,#N/A
6.254,28.712,#N/A
6.257,28.7,#N/A
6.26,28.74,#N/A
6.264,28.807,#N/A
6.267,28.881,#N/A
6.27,28.956,#N/A
6.274,29.054,#N/A
6.277,29.226,#N/A
6.28,29.537,#N/A
6.284,30.046,#N/A
6.287,30.776,7.67139
6.29,31.69,#N/A
6.294,32.689,#N/A
6.297,33.637,#N/A
6.3,34.39,#N/A
6.304,34.838,#N/A
6.307,34.932,#N/A
6.31,34.694,#N/A
6.314,34.206,#N/A
6.317,33.589,#N/A
6.32,32.975,#N/A
6.324,32.485,#N/A
6.327,32.215,#N/A
6.33,32.228,#N/A
6.334,32.55,#N/A
6.337,33.175,#N/A
6.34,34.057,#N/A
6.344,35.118,#N/A
6.347,36.247,#N/A
6.35,37.315,#N/A
6.354,38.196,#N/A
6.357,38.782,#N/A
6.36,39.016,#N/A
6.364,38.897,#N/A
6.367,38.481,#N/A
6.37,37.87,#N/A
6.374,37.173,#N/A
6.377,36.481,#N/A
6.38,35.842,#N/A
6.384,35.252,#N/A
6.387,34.675,#N/A
6.39,34.059,#N/A
6.394,33.374,#N/A
6.397,32.634,#N/A
6.4,31.923,#N/A
6.404,31.393,#N/A
6.407,31.24,#N/A
6.41,31.655,#N/A
6.414,32.753,#N/A
6.417,34.508,#N/A
6.42,36.738,-1.5204
6.424,39.122,#N/A
6.427,41.281,#N/A
6.43,42.865,#N/A
6.434,43.637,#N/A
6.437,43.517,#N/A
6.44,42.576,#N/A
6.444,41.002,#N/A
6.447,39.042,#N/A
6.45,36.94,#N/A
6.454,34.898,#N/A
6.457,33.052,#N/A
6.46,31.473,#N/A
6.464,30.177,#N/A
6.467,29.141,#N/A
6.47,28.324,#N/A
6.474,27.682,#N/A
6.477,27.176,#N/A
6.48,26.779,#N/A
6.484,26.472,#N/A
6.487,26.249,#N/A
6.49,26.11,#N/A
6.494,26.053,#N/A
6.497,26.075,#N/A
6.5,26.163,#N/A
6.504,26.296,#N/A
6.507,26.45,#N/A
6.51,26.601,#N/A
6.514,26.742,#N/A
6.517,26.88,#N/A
6.52,27.043,#N/A
6.524,27.266,#N/A
6.527,27.581,#N/A
6.53,27.995,#N/A
6.534,28.483,#N/A
6.537,28.984,#N/A
6.54,29.415,#N/A
6.544,29.696,#N/A
6.547,29.767,#N/A
6.55,29.607,#N/A
6.554,29.232,#N/A
6.557,28.692,#N/A
6.56,28.055,#N/A
6.564,27.393,#N/A
6.567,26.768,#N/A
6.57,26.224,#N/A
6.574,25.783,#N/A
6.577,25.449,#N/A
6.58,25.212,#N/A
6.584,25.053,#N/A
6.587,24.95,#N/A
6.59,24.884,#N/A
6.594,24.836,#N/A
6.597,24.795,#N/A
6.6,24.755,#N/A
6.604,24.715,#N/A
6.607,24.68,#N/A
6.61,24.659,#N/A
6.614,24.661,#N/A
6.617,24.698,#N/A
6.62,24.783,#N/A
6.624,24.94,#N/A
6.627,25.207,#N/A
6.63,25.654,#N/A
6.634,26.386,#N/A
6.637,27.537,#N/A
6.64,29.237,#N/A
6.644,31.547,#N/A
6.647,34.41,#N/A
6.65,37.617,#N/A
6.654,40.829,#N/A
6.657,43.65,#N/A
6.66,45.715,#N/A
6.664,46.778,#N/A
6.667,46.761,#N/A
6.67,45.766,#N/A
6.674,44.037,#N/A
6.677,41.908,#N/A
6.68,39.743,#N/A
6.684,37.89,#N/A
6.687,36.645,9.51293
6.69,36.232,#N/A
6.694,36.777,#N/A
6.697,38.291,#N/A
6.7,40.644,#N/A
6.704,43.564,#N/A
6.707,46.664,#N/A
6.71,49.505,#N/A
6.714,51.675,#N/A
6.717,52.873,#N/A
6.72,52.967,#N/A
6.724,52.007,#N/A
6.727,50.197,#N/A
6.73,47.833,#N/A
6.734,45.23,#N/A
6.737,42.658,#N/A
6.74,40.316,#N/A
6.744,38.325,#N/A
6.747,36.764,#N/A
6.75,35.71,#N/A
6.754,35.266,#N/A
6.757,35.558,#N/A
6.76,36.694,#N/A
6.764,38.692,#N/A
6.767,41.426,#N/A
6.77,44.609,#N/A
6.774,47.837,#N/A
6.777,50.675,#N/A
6.78,52.752,#N/A
6.784,53.832,#N/A
6.787,53.85,#N/A
6.79,52.903,#N/A
6.794,51.206,#N/A
6.797,49.032,#N/A
6.8,46.657,#N/A
6.804,44.307,#N/A
6.807,42.141,#N/A
6.81,40.238,#N/A
6.814,38.608,#N/A
6.817,37.218,#N/A
6.82,36.017,47.70399
6.824,34.963,#N/A
6.827,34.037,#N/A
6.83,33.25,#N/A
6.834,32.643,#N/A
6.837,32.295,#N/A
6.84,32.355,#N/A
6.844,33.093,#N/A
6.847,34.941,#N/A
6.85,38.462,#N/A
6.854,44.231,#N/A
6.857,52.601,#N/A
6.86,63.458,#N/A
6.864,76.066,#N/A
6.867,89.101,#N/A
6.87,100.893,#N/A
6.874,109.81,#N/A
6.877,114.647,#N/A
6.88,114.89,#N/A
6.884,110.777,#N/A
6.887,103.174,#N/A
6.89,93.319,#N/A
6.894,82.528,#N/A
6.897,71.958,#N/A
6.9,62.454,#N/A
6.904,54.507,#N/A
6.907,48.285,#N/A
6.91,43.715,#N/A
6.914,40.569,#N/A
6.917,38.551,#N/A
6.92,37.348,#N/A
6.924,36.676,#N/A
6.927,36.294,#N/A
6.93,36.016,#N/A
6.934,35.712,#N/A
6.937,35.307,#N/A
6.94,34.776,#N/A
6.944,34.13,#N/A
6.947,33.409,#N/A
6.95,32.669,#N/A
6.954,31.974,#N/A
6.957,31.382,#N/A
6.96,30.934,#N/A
6.964,30.651,#N/A
6.967,30.524,#N/A
6.97,30.522,#N/A
6.974,30.593,#N/A
6.977,30.682,#N/A
6.98,30.737,#N/A
6.984,30.722,#N/A
6.987,30.625,#N/A
6.99,30.461,#N/A
6.994,30.274,#N/A
6.997,30.132,#N/A
7,30.114,#N/A
7.004,30.292,#N/A
7.007,30.711,#N/A
7.01,31.372,#N/A
7.014,32.238,#N/A
7.017,33.25,#N/A
7.02,34.375,#N/A
7.024,35.644,#N/A
7.027,37.174,#N/A
7.03,39.157,#N/A
7.034,41.791,#N/A
7.037,45.185,#N/A
7.04,49.275,#N/A
7.044,53.79,#N/A
7.047,58.279,#N/A
7.05,62.21,#N/A
7.054,65.09,#N/A
7.057,66.578,#N/A
7.06,66.551,#N/A
7.064,65.111,#N/A
7.067,62.539,#N/A
7.07,59.216,#N/A
7.074,55.553,#N/A
7.077,51.925,#N/A
7.08,48.663,#N/A
7.084,46.085,#N/A
7.087,44.637,73.67646
7.09,45.206,#N/A
7.094,49.696,#N/A
7.097,61.812,#N/A
7.1,87.687,#N/A
7.104,135.717,#N/A
7.107,214.972,#N/A
7.11,332.124,#N/A
7.114,487.71,#N/A
7.117,673.336,#N/A
7.12,871.504,#N/A
7.124,1058.65,#N/A
7.127,1210.35,#N/A
7.13,1306.83,#N/A
7.134,1337.03,#N/A
7.137,1300.35,#N/A
7.14,1205.93,#N/A
7.144,1069.85,#N/A
7.147,911.141,#N/A
7.15,747.98,#N/A
7.154,594.803,#N/A
7.157,460.973,#N/A
7.16,350.807,#N/A
7.164,264.559,#N/A
7.167,199.808,#N/A
7.17,152.811,#N/A
7.174,119.552,#N/A
7.177,96.401,#N/A
7.18,80.419,#N/A
7.184,69.402,#N/A
7.187,61.783,#N/A
7.19,56.482,#N/A
7.194,52.754,#N/A
7.197,50.085,#N/A
7.2,48.113,#N/A
7.204,46.591,#N/A
7.207,45.362,#N/A
7.21,44.337,#N/A
7.214,43.478,#N/A
7.217,42.778,67.8774
7.22,42.228,#N/A
7.224,41.81,#N/A
7.227,41.478,#N/A
7.23,41.17,#N/A
7.234,40.814,#N/A
7.237,40.352,#N/A
7.24,39.75,#N/A
7.244,39.004,#N/A
7.247,38.14,#N/A
7.25,37.207,#N/A
7.254,36.268,#N/A
7.257,35.385,#N/A
7.26,34.613,#N/A
7.264,33.995,#N/A
7.267,33.553,#N/A
7.27,33.29,#N/A
7.274,33.19,#N/A
7.277,33.225,#N/A
7.28,33.371,#N/A
7.284,33.641,#N/A
7.287,34.133,#N/A
7.29,35.105,#N/A
7.294,37.042,#N/A
7.297,40.672,#N/A
7.3,46.876,#N/A
7.304,56.448,#N/A
7.307,69.747,#N/A
7.31,86.377,#N/A
7.314,105.041,#N/A
7.317,123.68,#N/A
7.32,139.887,#N/A
7.324,151.475,#N/A
7.327,156.99,#N/A
7.33,156.007,#N/A
7.334,149.149,#N/A
7.337,137.839,#N/A
7.34,123.913,#N/A
7.344,109.224,#N/A
7.347,95.346,#N/A
7.35,83.416,58.80493
7.354,74.122,#N/A
7.357,67.793,#N/A
7.36,64.52,#N/A
7.364,64.263,#N/A
7.367,66.906,#N/A
7.37,72.245,#N/A
7.374,79.931,#N/A
7.377,89.405,#N/A
7.38,99.866,#N/A
7.384,110.303,#N/A
7.387,119.612,#N/A
7.39,126.76,#N/A
7.394,130.957,#N/A
7.397,131.797,#N/A
7.4,129.315,#N/A
7.404,123.96,#N/A
7.407,116.488,#N/A
7.41,107.809,#N/A
7.414,98.83,#N/A
7.417,90.322,#N/A
7.42,82.835,#N/A
7.424,76.664,#N/A
7.427,71.873,#N/A
7.43,68.338,#N/A
7.434,65.82,#N/A
7.437,64.032,#N/A
7.44,62.689,#N/A
7.444,61.546,#N/A
7.447,60.414,#N/A
7.45,59.16,#N/A
7.454,57.705,#N/A
7.457,56.013,#N/A
7.46,54.083,#N/A
7.464,51.948,#N/A
7.467,49.663,#N/A
7.47,47.309,#N/A
7.474,44.978,#N/A
7.477,42.772,#N/A
7.48,40.788,#N/A
7.484,39.115,#N/A
7.487,37.832,#N/A
7.49,37.025,#N/A
7.494,36.79,#N/A
7.497,37.235,#N/A
7.5,38.45,#N/A
7.504,40.46,#N/A
7.507,43.161,#N/A
7.51,46.291,#N/A
7.514,49.448,#N/A
7.517,52.159,#N/A
7.52,53.995,#N/A
7.524,54.671,#N/A
7.527,54.108,#N/A
7.53,52.43,#N/A
7.534,49.919,#N/A
7.537,46.929,#N/A
7.54,43.803,#N/A
7.544,40.819,#N/A
7.547,38.159,#N/A
7.55,35.91,#N/A
7.554,34.085,#N/A
7.557,32.651,#N/A
7.56,31.547,#N/A
7.564,30.712,#N/A
7.567,30.083,#N/A
7.57,29.609,#N/A
7.574,29.246,#N/A
7.577,28.956,#N/A
7.58,28.71,#N/A
7.584,28.487,#N/A
7.587,28.276,#N/A
7.59,28.073,#N/A
7.594,27.884,#N/A
7.597,27.72,#N/A
7.6,27.593,#N/A
7.604,27.508,#N/A
7.607,27.466,#N/A
7.61,27.463,#N/A
7.614,27.494,#N/A
7.617,27.564,62.19369
7.62,27.701,#N/A
7.624,27.962,#N/A
7.627,28.437,#N/A
7.63,29.239,#N/A
7.634,30.49,#N/A
7.637,32.292,#N/A
7.64,34.712,#N/A
7.644,37.768,#N/A
7.647,41.418,#N/A
7.65,45.565,#N/A
7.654,50.066,#N/A
7.657,54.738,#N/A
7.66,59.372,#N/A
7.664,63.742,#N/A
7.667,67.623,#N/A
7.67,70.802,#N/A
7.674,73.101,#N/A
7.677,74.392,#N/A
7.68,74.606,#N/A
7.684,73.746,#N/A
7.687,71.878,#N/A
7.69,69.132,#N/A
7.694,65.687,#N/A
7.697,61.758,#N/A
7.7,57.573,#N/A
7.704,53.353,#N/A
7.707,49.288,#N/A
7.71,45.53,#N/A
7.714,42.18,#N/A
7.717,39.299,#N/A
7.72,36.907,#N/A
7.724,34.997,#N/A
7.727,33.539,#N/A
7.73,32.492,#N/A
7.734,31.805,#N/A
7.737,31.424,#N/A
7.74,31.295,#N/A
7.744,31.369,#N/A
7.747,31.603,#N/A
7.75,31.96,62.41244
7.754,32.401,#N/A
7.757,32.885,#N/A
7.76,33.361,#N/A
7.764,33.769,#N/A
7.767,34.049,#N/A
7.77,34.151,#N/A
7.774,34.046,#N/A
7.777,33.737,#N/A
7.78,33.26,#N/A
7.784,32.681,#N/A
7.787,32.088,#N/A
7.79,31.577,#N/A
7.794,31.23,#N/A
7.797,31.1,#N/A
7.8,31.194,#N/A
7.804,31.465,#N/A
7.807,31.832,#N/A
7.81,32.191,#N/A
7.814,32.445,#N/A
7.817,32.523,#N/A
7.82,32.387,#N/A
7.824,32.042,#N/A
7.827,31.522,#N/A
7.83,30.883,#N/A
7.834,30.19,#N/A
7.837,29.501,#N/A
7.84,28.865,#N/A
7.844,28.312,#N/A
7.847,27.856,#N/A
7.85,27.494,#N/A
7.854,27.213,#N/A
7.857,26.993,#N/A
7.86,26.817,#N/A
7.864,26.678,#N/A
7.867,26.574,#N/A
7.87,26.517,#N/A
7.874,26.519,#N/A
7.877,26.591,#N/A
7.88,26.734,#N/A
7.884,26.943,#N/A
7.887,27.206,#N/A
7.89,27.512,#N/A
7.894,27.853,#N/A
7.897,28.227,#N/A
7.9,28.629,#N/A
7.904,29.052,#N/A
7.907,29.481,#N/A
7.91,29.89,#N/A
7.914,30.248,#N/A
7.917,30.518,#N/A
7.92,30.668,#N/A
7.924,30.674,#N/A
7.927,30.535,#N/A
7.93,30.268,#N/A
7.934,29.914,#N/A
7.937,29.527,#N/A
7.94,29.161,#N/A
7.944,28.858,#N/A
7.947,28.636,#N/A
7.95,28.486,#N/A
7.954,28.38,#N/A
7.957,28.276,#N/A
7.96,28.139,#N/A
7.964,27.945,#N/A
7.967,27.696,#N/A
7.97,27.415,#N/A
7.974,27.141,#N/A
7.977,26.919,#N/A
7.98,26.784,#N/A
7.984,26.753,#N/A
7.987,26.818,#N/A
7.99,26.955,#N/A
7.994,27.124,#N/A
7.997,27.281,#N/A
8,27.389,#N/A
8.004,27.424,#N/A
8.007,27.381,#N/A
8.01,27.274,#N/A
8.014,27.128,#N/A
8.017,26.971,45.91416
8.02,26.828,#N/A
8.024,26.716,#N/A
8.027,26.645,#N/A
8.03,26.623,#N/A
8.034,26.656,#N/A
8.037,26.751,#N/A
8.04,26.913,#N/A
8.044,27.144,#N/A
8.047,27.438,#N/A
8.05,27.788,#N/A
8.054,28.18,#N/A
8.057,28.593,#N/A
8.06,28.996,#N/A
8.064,29.349,#N/A
8.067,29.606,#N/A
8.07,29.732,#N/A
8.074,29.707,#N/A
8.077,29.531,#N/A
8.08,29.223,#N/A
8.084,28.817,#N/A
8.087,28.354,#N/A
8.09,27.875,#N/A
8.094,27.423,#N/A
8.097,27.04,#N/A
8.1,26.775,#N/A
8.104,26.671,#N/A
8.107,26.767,#N/A
8.11,27.077,#N/A
8.114,27.595,#N/A
8.117,28.284,#N/A
8.12,29.085,#N/A
8.124,29.922,#N/A
8.127,30.71,#N/A
8.13,31.367,#N/A
8.134,31.825,#N/A
8.137,32.04,#N/A
8.14,32.004,#N/A
8.144,31.741,#N/A
8.147,31.302,#N/A
8.15,30.753,22.29632
8.154,30.161,#N/A
8.157,29.582,#N/A
8.16,29.059,#N/A
8.164,28.618,#N/A
8.167,28.276,#N/A
8.17,28.039,#N/A
8.174,27.903,#N/A
8.177,27.853,#N/A
8.18,27.863,#N/A
8.184,27.898,#N/A
8.187,27.916,#N/A
8.19,27.881,#N/A
8.194,27.764,#N/A
8.197,27.557,#N/A
8.2,27.272,#N/A
8.204,26.934,#N/A
8.207,26.58,#N/A
8.21,26.247,#N/A
8.214,25.964,#N/A
8.217,25.745,#N/A
8.22,25.589,#N/A
8.224,25.482,#N/A
8.227,25.399,#N/A
8.23,25.318,#N/A
8.234,25.221,#N/A
8.237,25.096,#N/A
8.24,24.943,#N/A
8.244,24.768,#N/A
8.247,24.592,#N/A
8.25,24.445,#N/A
8.254,24.37,#N/A
8.257,24.421,#N/A
8.26,24.653,#N/A
8.264,25.107,#N/A
8.267,25.796,#N/A
8.27,26.684,#N/A
8.274,27.681,#N/A
8.277,28.658,#N/A
8.28,29.471,#N/A
8.284,29.997,#N/A
8.287,30.166,#N/A
8.29,29.97,#N/A
8.294,29.467,#N/A
8.297,28.753,#N/A
8.3,27.94,#N/A
8.304,27.129,#N/A
8.307,26.389,#N/A
8.31,25.756,#N/A
8.314,25.235,#N/A
8.317,24.81,#N/A
8.32,24.458,#N/A
8.324,24.16,#N/A
8.327,23.903,#N/A
8.33,23.686,#N/A
8.334,23.517,#N/A
8.337,23.41,#N/A
8.34,23.376,#N/A
8.344,23.42,#N/A
8.347,23.536,#N/A
8.35,23.702,#N/A
8.354,23.888,#N/A
8.357,24.059,#N/A
8.36,24.184,#N/A
8.364,24.242,#N/A
8.367,24.228,#N/A
8.37,24.155,#N/A
8.374,24.047,#N/A
8.377,23.936,#N/A
8.38,23.852,#N/A
8.384,23.818,#N/A
8.387,23.841,#N/A
8.39,23.913,#N/A
8.394,24.016,#N/A
8.397,24.126,#N/A
8.4,24.225,#N/A
8.404,24.303,#N/A
8.407,24.366,#N/A
8.41,24.424,#N/A
8.414,24.49,#N/A
8.417,24.567,8.00947
8.42,24.649,#N/A
8.424,24.721,#N/A
8.427,24.762,#N/A
8.43,24.755,#N/A
8.434,24.692,#N/A
8.437,24.58,#N/A
8.44,24.438,#N/A
8.444,24.294,#N/A
8.447,24.177,#N/A
8.45,24.109,#N/A
8.454,24.1,#N/A
8.457,24.142,#N/A
8.46,24.216,#N/A
8.464,24.297,#N/A
8.467,24.364,#N/A
8.47,24.399,#N/A
8.474,24.397,#N/A
8.477,24.354,#N/A
8.48,24.272,#N/A
8.484,24.15,#N/A
8.487,23.992,#N/A
8.49,23.803,#N/A
8.494,23.593,#N/A
8.497,23.379,#N/A
8.5,23.179,#N/A
8.504,23.012,#N/A
8.507,22.89,#N/A
8.51,22.817,#N/A
8.514,22.784,#N/A
8.517,22.778,#N/A
8.52,22.782,#N/A
8.524,22.784,#N/A
8.527,22.777,#N/A
8.53,22.761,#N/A
8.534,22.741,#N/A
8.537,22.722,#N/A
8.54,22.711,#N/A
8.544,22.715,#N/A
8.547,22.739,17.4757
8.55,22.783,#N/A
8.554,22.843,#N/A
8.557,22.905,#N/A
8.56,22.958,#N/A
8.564,22.987,#N/A
8.567,22.981,#N/A
8.57,22.933,#N/A
8.574,22.843,#N/A
8.577,22.719,#N/A
8.58,22.571,#N/A
8.584,22.412,#N/A
8.587,22.252,#N/A
8.59,22.098,#N/A
8.594,21.952,#N/A
8.597,21.814,#N/A
8.6,21.682,#N/A
8.604,21.556,#N/A
8.607,21.436,#N/A
8.61,21.323,#N/A
8.614,21.223,#N/A
8.617,21.142,#N/A
8.62,21.084,#N/A
8.624,21.053,#N/A
8.627,21.05,#N/A
8.63,21.073,#N/A
8.634,21.117,#N/A
8.637,21.175,#N/A
8.64,21.241,#N/A
8.644,21.305,#N/A
8.647,21.359,#N/A
8.65,21.396,#N/A
8.654,21.415,#N/A
8.657,21.413,#N/A
8.66,21.392,#N/A
8.664,21.355,#N/A
8.667,21.306,#N/A
8.67,21.251,#N/A
8.674,21.201,#N/A
8.677,21.166,#N/A
8.68,21.16,9.94647
8.684,21.191,#N/A
8.687,21.265,#N/A
8.69,21.374,#N/A
8.694,21.505,#N/A
8.697,21.634,#N/A
8.7,21.738,#N/A
8.704,21.797,#N/A
8.707,21.799,#N/A
8.71,21.744,#N/A
8.714,21.639,#N/A
8.717,21.497,#N/A
8.72,21.333,#N/A
8.724,21.162,#N/A
8.727,20.994,#N/A
8.73,20.839,#N/A
8.734,20.702,#N/A
8.737,20.585,#N/A
8.74,20.489,#N/A
8.744,20.411,#N/A
8.747,20.345,#N/A
8.75,20.287,#N/A
8.754,20.233,#N/A
8.757,20.183,#N/A
8.76,20.14,#N/A
8.764,20.115,#N/A
8.767,20.122,#N/A
8.77,20.179,#N/A
8.774,20.312,#N/A
8.777,20.542,#N/A
8.78,20.882,#N/A
8.784,21.324,#N/A
8.787,21.833,#N/A
8.79,22.352,#N/A
8.794,22.81,#N/A
8.797,23.14,#N/A
8.8,23.294,#N/A
8.804,23.253,#N/A
8.807,23.033,#N/A
8.81,22.674,#N/A
8.814,22.232,#N/A
8.817,21.765,#N/A
8.82,21.32,#N/A
8.824,20.933,#N/A
8.827,20.622,#N/A
8.83,20.396,#N/A
8.834,20.249,#N/A
8.837,20.174,#N/A
8.84,20.161,#N/A
8.844,20.206,#N/A
8.847,20.308,#N/A
8.85,20.469,#N/A
8.854,20.686,#N/A
8.857,20.95,#N/A
8.86,21.241,#N/A
8.864,21.525,#N/A
8.867,21.766,#N/A
8.87,21.927,#N/A
8.874,21.983,#N/A
8.877,21.927,#N/A
8.88,21.771,#N/A
8.884,21.542,#N/A
8.887,21.274,#N/A
8.89,21.007,#N/A
8.894,20.771,#N/A
8.897,20.583,#N/A
8.9,20.448,#N/A
8.904,20.354,#N/A
8.907,20.283,#N/A
8.91,20.215,#N/A
8.914,20.132,#N/A
8.917,20.025,#N/A
8.92,19.893,#N/A
8.924,19.741,#N/A
8.927,19.578,#N/A
8.93,19.416,#N/A
8.934,19.269,#N/A
8.937,19.146,#N/A
8.94,19.053,#N/A
8.944,18.99,#N/A
8.947,18.953,4.1315
8.95,18.933,#N/A
8.954,18.921,#N/A
8.957,18.909,#N/A
8.96,18.891,#N/A
8.964,18.863,#N/A
8.967,18.825,#N/A
8.97,18.778,#N/A
8.974,18.726,#N/A
8.977,18.676,#N/A
8.98,18.635,#N/A
8.984,18.612,#N/A
8.987,18.613,#N/A
8.99,18.642,#N/A
8.994,18.698,#N/A
8.997,18.769,#N/A
9,18.841,#N/A
9.004,18.896,#N/A
9.007,18.917,#N/A
9.01,18.895,#N/A
9.014,18.83,#N/A
9.017,18.728,#N/A
9.02,18.604,#N/A
9.024,18.471,#N/A
9.027,18.345,#N/A
9.03,18.234,#N/A
9.034,18.145,#N/A
9.037,18.084,#N/A
9.04,18.051,#N/A
9.044,18.048,#N/A
9.047,18.075,#N/A
9.05,18.129,#N/A
9.054,18.208,#N/A
9.057,18.307,#N/A
9.06,18.416,#N/A
9.064,18.525,#N/A
9.067,18.62,#N/A
9.07,18.688,#N/A
9.074,18.72,#N/A
9.077,18.713,#N/A
9.08,18.668,-7.2598
9.084,18.591,#N/A
9.087,18.49,#N/A
9.09,18.376,#N/A
9.094,18.262,#N/A
9.097,18.157,#N/A
9.1,18.068,#N/A
9.104,17.999,#N/A
9.107,17.948,#N/A
9.11,17.91,#N/A
9.114,17.879,#N/A
9.117,17.849,#N/A
9.12,17.816,#N/A
9.124,17.778,#N/A
9.127,17.735,#N/A
9.13,17.687,#N/A
9.134,17.635,#N/A
9.137,17.584,#N/A
9.14,17.535,#N/A
9.144,17.49,#N/A
9.147,17.451,#N/A
9.15,17.418,#N/A
9.154,17.389,#N/A
9.157,17.362,#N/A
9.16,17.336,#N/A
9.164,17.31,#N/A
9.167,17.284,#N/A
9.17,17.26,#N/A
9.174,17.239,#N/A
9.177,17.225,#N/A
9.18,17.22,#N/A
9.184,17.224,#N/A
9.187,17.235,#N/A
9.19,17.247,#N/A
9.194,17.253,#N/A
9.197,17.248,#N/A
9.2,17.227,#N/A
9.204,17.189,#N/A
9.207,17.136,#N/A
9.21,17.071,#N/A
9.214,17,#N/A
9.217,16.928,#N/A
9.22,16.861,#N/A
9.224,16.802,#N/A
9.227,16.752,#N/A
9.23,16.712,#N/A
9.234,16.68,#N/A
9.237,16.655,#N/A
9.24,16.635,#N/A
9.244,16.617,#N/A
9.247,16.599,#N/A
9.25,16.579,#N/A
9.254,16.556,#N/A
9.257,16.53,#N/A
9.26,16.504,#N/A
9.264,16.478,#N/A
9.267,16.455,#N/A
9.27,16.436,#N/A
9.274,16.423,#N/A
9.277,16.414,#N/A
9.28,16.41,#N/A
9.284,16.409,#N/A
9.287,16.412,#N/A
9.29,16.417,#N/A
9.294,16.422,#N/A
9.297,16.425,#N/A
9.3,16.424,#N/A
9.304,16.419,#N/A
9.307,16.409,#N/A
9.31,16.393,#N/A
9.314,16.372,#N/A
9.317,16.348,#N/A
9.32,16.319,#N/A
9.324,16.287,#N/A
9.327,16.254,#N/A
9.33,16.223,#N/A
9.334,16.194,#N/A
9.337,16.169,#N/A
9.34,16.15,#N/A
9.344,16.137,#N/A
9.347,16.132,-0.35104
9.35,16.135,#N/A
9.354,16.144,#N/A
9.357,16.157,#N/A
9.36,16.17,#N/A
9.364,16.181,#N/A
9.367,16.19,#N/A
9.37,16.196,#N/A
9.374,16.201,#N/A
9.377,16.202,#N/A
9.38,16.201,#N/A
9.384,16.195,#N/A
9.387,16.184,#N/A
9.39,16.169,#N/A
9.394,16.153,#N/A
9.397,16.138,#N/A
9.4,16.131,#N/A
9.404,16.135,#N/A
9.407,16.152,#N/A
9.41,16.181,#N/A
9.414,16.221,#N/A
9.417,16.27,#N/A
9.42,16.33,#N/A
9.424,16.409,#N/A
9.427,16.519,#N/A
9.43,16.672,#N/A
9.434,16.873,#N/A
9.437,17.113,#N/A
9.44,17.366,#N/A
9.444,17.593,#N/A
9.447,17.753,#N/A
9.45,17.815,#N/A
9.454,17.764,#N/A
9.457,17.607,#N/A
9.46,17.369,#N/A
9.464,17.085,#N/A
9.467,16.793,#N/A
9.47,16.524,#N/A
9.474,16.304,#N/A
9.477,16.145,#N/A
9.48,16.054,-2.88067
9.484,16.03,#N/A
9.487,16.072,#N/A
9.49,16.179,#N/A
9.494,16.347,#N/A
9.497,16.567,#N/A
9.5,16.819,#N/A
9.504,17.077,#N/A
9.507,17.306,#N/A
9.51,17.474,#N/A
9.514,17.555,#N/A
9.517,17.541,#N/A
9.52,17.437,#N/A
9.524,17.262,#N/A
9.527,17.042,#N/A
9.53,16.803,#N/A
9.534,16.566,#N/A
9.537,16.346,#N/A
9.54,16.15,#N/A
9.544,15.978,#N/A
9.547,15.828,#N/A
9.55,15.695,#N/A
9.554,15.577,#N/A
9.557,15.473,#N/A
9.56,15.381,#N/A
9.564,15.304,#N/A
9.567,15.242,#N/A
9.57,15.194,#N/A
9.574,15.161,#N/A
9.577,15.143,#N/A
9.58,15.139,#N/A
9.584,15.149,#N/A
9.587,15.172,#N/A
9.59,15.205,#N/A
9.594,15.249,#N/A
9.597,15.298,#N/A
9.6,15.351,#N/A
9.604,15.404,#N/A
9.607,15.455,#N/A
9.61,15.504,#N/A
9.614,15.55,#N/A
9.617,15.59,#N/A
9.62,15.621,#N/A
9.624,15.642,#N/A
9.627,15.648,#N/A
9.63,15.638,#N/A
9.634,15.611,#N/A
9.637,15.567,#N/A
9.64,15.51,#N/A
9.644,15.444,#N/A
9.647,15.374,#N/A
9.65,15.305,#N/A
9.654,15.239,#N/A
9.657,15.182,#N/A
9.66,15.134,#N/A
9.664,15.096,#N/A
9.667,15.067,#N/A
9.67,15.046,#N/A
9.674,15.031,#N/A
9.677,15.021,#N/A
9.68,15.015,#N/A
9.684,15.011,#N/A
9.687,15.005,#N/A
9.69,14.998,#N/A
9.694,14.991,#N/A
9.697,14.982,#N/A
9.7,14.973,#N/A
9.704,14.962,#N/A
9.707,14.95,#N/A
9.71,14.937,#N/A
9.714,14.926,#N/A
9.717,14.919,#N/A
9.72,14.918,#N/A
9.724,14.924,#N/A
9.727,14.937,#N/A
9.73,14.959,#N/A
9.734,14.988,#N/A
9.737,15.019,#N/A
9.74,15.049,#N/A
9.744,15.073,#N/A
9.747,15.089,9.11917
9.75,15.096,#N/A
9.754,15.094,#N/A
9.757,15.085,#N/A
9.76,15.074,#N/A
9.764,15.063,#N/A
9.767,15.055,#N/A
9.77,15.051,#N/A
9.774,15.048,#N/A
9.777,15.045,#N/A
9.78,15.038,#N/A
9.784,15.026,#N/A
9.787,15.01,#N/A
9.79,14.99,#N/A
9.794,14.967,#N/A
9.797,14.945,#N/A
9.8,14.923,#N/A
9.804,14.906,#N/A
9.807,14.896,#N/A
9.81,14.895,#N/A
9.814,14.905,#N/A
9.817,14.927,#N/A
9.82,14.962,#N/A
9.824,15.013,#N/A
9.827,15.08,#N/A
9.83,15.168,#N/A
9.834,15.278,#N/A
9.837,15.411,#N/A
9.84,15.565,#N/A
9.844,15.731,#N/A
9.847,15.895,#N/A
9.85,16.036,#N/A
9.854,16.138,#N/A
9.857,16.183,#N/A
9.86,16.164,#N/A
9.864,16.083,#N/A
9.867,15.952,#N/A
9.87,15.788,#N/A
9.874,15.611,#N/A
9.877,15.439,8.98791
9.88,15.286,#N/A
9.884,15.162,#N/A
9.887,15.074,#N/A
9.89,15.025,#N/A
9.894,15.013,#N/A
9.897,15.038,#N/A
9.9,15.094,#N/A
9.904,15.173,#N/A
9.907,15.264,#N/A
9.91,15.354,#N/A
9.914,15.428,#N/A
9.917,15.473,#N/A
9.92,15.481,#N/A
9.924,15.451,#N/A
9.927,15.389,#N/A
9.93,15.304,#N/A
9.934,15.209,#N/A
9.937,15.116,#N/A
9.94,15.034,#N/A
9.944,14.969,#N/A
9.947,14.926,#N/A
9.95,14.91,#N/A
9.954,14.926,#N/A
9.957,14.978,#N/A
9.96,15.069,#N/A
9.964,15.2,#N/A
9.967,15.364,#N/A
9.97,15.553,#N/A
9.974,15.751,#N/A
9.977,15.94,#N/A
9.98,16.103,#N/A
9.984,16.225,#N/A
9.987,16.297,#N/A
9.99,16.318,#N/A
9.994,16.295,#N/A
9.997,16.237,#N/A
10,16.153,#N/A
10.004,16.053,#N/A
10.007,15.943,#N/A
10.01,15.827,8.85268
10.014,15.71,#N/A
10.017,15.598,#N/A
10.02,15.496,#N/A
10.024,15.41,#N/A
10.027,15.343,#N/A
10.03,15.297,#N/A
10.034,15.27,#N/A
10.037,15.258,#N/A
10.04,15.256,#N/A
10.044,15.256,#N/A
10.047,15.253,#N/A
10.05,15.244,#N/A
10.054,15.228,#N/A
10.057,15.204,#N/A
10.06,15.176,#N/A
10.064,15.148,#N/A
10.067,15.123,#N/A
10.07,15.106,#N/A
10.074,15.096,#N/A
10.077,15.092,#N/A
10.08,15.094,#N/A
10.084,15.102,#N/A
10.087,15.112,#N/A
10.09,15.126,#N/A
10.094,15.14,#N/A
10.097,15.153,#N/A
10.1,15.164,#N/A
10.104,15.172,#N/A
10.107,15.177,#N/A
10.11,15.179,#N/A
10.114,15.18,#N/A
10.117,15.178,#N/A
10.12,15.173,#N/A
10.124,15.163,#N/A
10.127,15.146,#N/A
10.13,15.121,#N/A
10.134,15.089,#N/A
10.137,15.052,#N/A
10.14,15.013,#N/A
10.144,14.976,#N/A
10.147,14.944,#N/A
10.15,14.92,#N/A
10.154,14.906,#N/A
10.157,14.905,#N/A
10.16,14.916,#N/A
10.164,14.939,#N/A
10.167,14.973,#N/A
10.17,15.015,#N/A
10.174,15.063,#N/A
10.177,15.115,#N/A
10.18,15.168,#N/A
10.184,15.221,#N/A
10.187,15.272,#N/A
10.19,15.318,#N/A
10.194,15.358,#N/A
10.197,15.393,#N/A
10.2,15.422,#N/A
10.204,15.446,#N/A
10.207,15.465,#N/A
10.21,15.479,#N/A
10.214,15.487,#N/A
10.217,15.489,#N/A
10.22,15.486,#N/A
10.224,15.477,#N/A
10.227,15.462,#N/A
10.23,15.441,#N/A
10.234,15.415,#N/A
10.237,15.386,#N/A
10.24,15.355,#N/A
10.244,15.326,#N/A
10.247,15.303,#N/A
10.25,15.29,#N/A
10.254,15.29,#N/A
10.257,15.308,#N/A
10.26,15.344,#N/A
10.264,15.396,#N/A
10.267,15.46,#N/A
10.27,15.526,#N/A
10.274,15.586,#N/A
10.277,15.63,8.1805
10.28,15.655,#N/A
10.284,15.657,#N/A
10.287,15.639,#N/A
10.29,15.604,#N/A
10.294,15.558,#N/A
10.297,15.508,#N/A
10.3,15.46,#N/A
10.304,15.422,#N/A
10.307,15.398,#N/A
10.31,15.393,#N/A
10.314,15.415,#N/A
10.317,15.469,#N/A
10.32,15.563,#N/A
10.324,15.699,#N/A
10.327,15.872,#N/A
10.33,16.071,#N/A
10.334,16.279,#N/A
10.337,16.474,#N/A
10.34,16.635,#N/A
10.344,16.744,#N/A
10.347,16.79,#N/A
10.35,16.775,#N/A
10.354,16.709,#N/A
10.357,16.611,#N/A
10.36,16.498,#N/A
10.364,16.388,#N/A
10.367,16.294,#N/A
10.37,16.223,#N/A
10.374,16.177,#N/A
10.377,16.153,#N/A
10.38,16.148,#N/A
10.384,16.157,#N/A
10.387,16.176,#N/A
10.39,16.201,#N/A
10.394,16.228,#N/A
10.397,16.252,#N/A
10.4,16.272,#N/A
10.404,16.286,#N/A
10.407,16.293,#N/A
10.41,16.296,0.84616
10.414,16.296,#N/A
10.417,16.295,#N/A
10.42,16.298,#N/A
10.424,16.307,#N/A
10.427,16.321,#N/A
10.43,16.34,#N/A
10.434,16.361,#N/A
10.437,16.381,#N/A
10.44,16.396,#N/A
10.444,16.404,#N/A
10.447,16.401,#N/A
10.45,16.385,#N/A
10.454,16.356,#N/A
10.457,16.316,#N/A
10.46,16.269,#N/A
10.464,16.221,#N/A
10.467,16.174,#N/A
10.47,16.134,#N/A
10.474,16.103,#N/A
10.477,16.082,#N/A
10.48,16.072,#N/A
10.484,16.073,#N/A
10.487,16.082,#N/A
10.49,16.1,#N/A
10.494,16.124,#N/A
10.497,16.151,#N/A
10.5,16.177,#N/A
10.504,16.199,#N/A
10.507,16.215,#N/A
10.51,16.224,#N/A
10.514,16.225,#N/A
10.517,16.221,#N/A
10.52,16.214,#N/A
10.524,16.203,#N/A
10.527,16.191,#N/A
10.53,16.177,#N/A
10.534,16.162,#N/A
10.537,16.146,#N/A
10.54,16.131,#N/A
10.544,16.117,#N/A
10.547,16.105,#N/A
10.55,16.096,#N/A
10.554,16.089,#N/A
10.557,16.084,#N/A
10.56,16.082,#N/A
10.564,16.081,#N/A
10.567,16.083,#N/A
10.57,16.086,#N/A
10.574,16.091,#N/A
10.577,16.098,#N/A
10.58,16.107,#N/A
10.584,16.12,#N/A
10.587,16.139,#N/A
10.59,16.161,#N/A
10.594,16.185,#N/A
10.597,16.21,#N/A
10.6,16.237,#N/A
10.604,16.264,#N/A
10.607,16.291,#N/A
10.61,16.317,#N/A
10.614,16.342,#N/A
10.617,16.363,#N/A
10.62,16.378,#N/A
10.624,16.387,#N/A
10.627,16.391,#N/A
10.63,16.391,#N/A
10.634,16.389,#N/A
10.637,16.389,#N/A
10.64,16.392,#N/A
10.644,16.4,#N/A
10.647,16.416,#N/A
10.65,16.439,#N/A
10.654,16.47,#N/A
10.657,16.504,#N/A
10.66,16.538,#N/A
10.664,16.569,#N/A
10.667,16.594,#N/A
10.67,16.612,#N/A
10.674,16.624,#N/A
10.677,16.629,-5.24325
10.68,16.629,#N/A
10.684,16.626,#N/A
10.687,16.624,#N/A
10.69,16.623,#N/A
10.694,16.624,#N/A
10.697,16.628,#N/A
10.7,16.634,#N/A
10.704,16.641,#N/A
10.707,16.649,#N/A
10.71,16.658,#N/A
10.714,16.671,#N/A
10.717,16.69,#N/A
10.72,16.716,#N/A
10.724,16.751,#N/A
10.727,16.792,#N/A
10.73,16.837,#N/A
10.734,16.881,#N/A
10.737,16.922,#N/A
10.74,16.956,#N/A
10.744,16.982,#N/A
10.747,16.998,#N/A
10.75,17.005,#N/A
10.754,17.005,#N/A
10.757,16.998,#N/A
10.76,16.988,#N/A
10.764,16.975,#N/A
10.767,16.962,#N/A
10.77,16.95,#N/A
10.774,16.938,#N/A
10.777,16.927,#N/A
10.78,16.916,#N/A
10.784,16.907,#N/A
10.787,16.899,#N/A
10.79,16.895,#N/A
10.794,16.894,#N/A
10.797,16.896,#N/A
10.8,16.901,#N/A
10.804,16.911,#N/A
10.807,16.928,#N/A
10.81,16.954,-4.94097
10.814,16.99,#N/A
10.817,17.037,#N/A
10.82,17.097,#N/A
10.824,17.171,#N/A
10.827,17.258,#N/A
10.83,17.355,#N/A
10.834,17.458,#N/A
10.837,17.559,#N/A
10.84,17.65,#N/A
10.844,17.721,#N/A
10.847,17.765,#N/A
10.85,17.777,#N/A
10.854,17.757,#N/A
10.857,17.711,#N/A
10.86,17.646,#N/A
10.864,17.571,#N/A
10.867,17.495,#N/A
10.87,17.426,#N/A
10.874,17.369,#N/A
10.877,17.326,#N/A
10.88,17.299,#N/A
10.884,17.286,#N/A
10.887,17.287,#N/A
10.89,17.298,#N/A
10.894,17.317,#N/A
10.897,17.34,#N/A
10.9,17.365,#N/A
10.904,17.388,#N/A
10.907,17.408,#N/A
10.91,17.426,#N/A
10.914,17.441,#N/A
10.917,17.454,#N/A
10.92,17.467,#N/A
10.924,17.481,#N/A
10.927,17.498,#N/A
10.93,17.518,#N/A
10.934,17.543,#N/A
10.937,17.573,#N/A
10.94,17.61,#N/A
10.944,17.654,#N/A
10.947,17.703,#N/A
10.95,17.757,#N/A
10.954,17.814,#N/A
10.957,17.869,#N/A
10.96,17.922,#N/A
10.964,17.971,#N/A
10.967,18.016,#N/A
10.97,18.057,#N/A
10.974,18.094,#N/A
10.977,18.128,#N/A
10.98,18.158,#N/A
10.984,18.186,#N/A
10.987,18.209,#N/A
10.99,18.227,#N/A
10.994,18.24,#N/A
10.997,18.248,#N/A
11,18.251,#N/A
11.004,18.252,#N/A
11.007,18.253,#N/A
11.01,18.256,#N/A
11.014,18.261,#N/A
11.017,18.269,#N/A
11.02,18.278,#N/A
11.024,18.285,#N/A
11.027,18.286,#N/A
11.03,18.279,#N/A
11.034,18.26,#N/A
11.037,18.23,#N/A
11.04,18.188,#N/A
11.044,18.138,#N/A
11.047,18.083,#N/A
11.05,18.024,#N/A
11.054,17.966,#N/A
11.057,17.912,#N/A
11.06,17.863,#N/A
11.064,17.821,#N/A
11.067,17.787,#N/A
11.07,17.762,#N/A
11.074,17.745,#N/A
11.077,17.734,-17.42207
11.08,17.729,#N/A
11.084,17.729,#N/A
11.087,17.732,#N/A
11.09,17.736,#N/A
11.094,17.74,#N/A
11.097,17.743,#N/A
11.1,17.746,#N/A
11.104,17.749,#N/A
11.107,17.752,#N/A
11.11,17.757,#N/A
11.114,17.764,#N/A
11.117,17.773,#N/A
11.12,17.785,#N/A
11.124,17.8,#N/A
11.127,17.818,#N/A
11.13,17.839,#N/A
11.134,17.861,#N/A
11.137,17.885,#N/A
11.14,17.911,#N/A
11.144,17.936,#N/A
11.147,17.961,#N/A
11.15,17.986,#N/A
11.154,18.009,#N/A
11.157,18.029,#N/A
11.16,18.047,#N/A
11.164,18.061,#N/A
11.167,18.075,#N/A
11.17,18.089,#N/A
11.174,18.104,#N/A
11.177,18.121,#N/A
11.18,18.137,#N/A
11.184,18.152,#N/A
11.187,18.166,#N/A
11.19,18.179,#N/A
11.194,18.187,#N/A
11.197,18.192,#N/A
11.2,18.192,#N/A
11.204,18.189,#N/A
11.207,18.184,2.94623
11.21,18.176,#N/A
11.214,18.169,#N/A
11.217,18.163,#N/A
11.22,18.159,#N/A
11.224,18.158,#N/A
11.227,18.159,#N/A
11.23,18.163,#N/A
11.234,18.17,#N/A
11.237,18.179,#N/A
11.24,18.192,#N/A
11.244,18.21,#N/A
11.247,18.233,#N/A
11.25,18.262,#N/A
11.254,18.296,#N/A
11.257,18.336,#N/A
11.26,18.383,#N/A
11.264,18.436,#N/A
11.267,18.492,#N/A
11.27,18.549,#N/A
11.274,18.603,#N/A
11.277,18.65,#N/A
11.28,18.688,#N/A
11.284,18.716,#N/A
11.287,18.733,#N/A
11.29,18.738,#N/A
11.294,18.734,#N/A
11.297,18.72,#N/A
11.3,18.698,#N/A
11.304,18.671,#N/A
11.307,18.64,#N/A
11.31,18.605,#N/A
11.314,18.571,#N/A
11.317,18.537,#N/A
11.32,18.507,#N/A
11.324,18.481,#N/A
11.327,18.458,#N/A
11.33,18.441,#N/A
11.334,18.428,#N/A
11.337,18.422,#N/A
11.34,18.422,-5.21143
11.344,18.426,#N/A
11.347,18.435,#N/A
11.35,18.447,#N/A
11.354,18.46,#N/A
11.357,18.475,#N/A
11.36,18.489,#N/A
11.364,18.502,#N/A
11.367,18.512,#N/A
11.37,18.52,#N/A
11.374,18.524,#N/A
11.377,18.524,#N/A
11.38,18.521,#N/A
11.384,18.516,#N/A
11.387,18.509,#N/A
11.39,18.501,#N/A
11.394,18.495,#N/A
11.397,18.491,#N/A
11.4,18.491,#N/A
11.404,18.495,#N/A
11.407,18.501,#N/A
11.41,18.51,#N/A
11.414,18.521,#N/A
11.417,18.535,#N/A
11.42,18.553,#N/A
11.424,18.575,#N/A
11.427,18.602,#N/A
11.43,18.635,#N/A
11.434,18.672,#N/A
11.437,18.716,#N/A
11.44,18.768,0.31319
11.444,18.833,#N/A
11.447,18.919,#N/A
11.45,19.032,#N/A
11.454,19.183,#N/A
11.457,19.384,#N/A
11.46,19.656,#N/A
11.464,20.027,#N/A
11.467,20.535,#N/A
11.47,21.231,#N/A
11.474,22.184,#N/A
11.477,23.48,#N/A
11.48,25.223,#N/A
11.484,27.527,#N/A
11.487,30.506,#N/A
11.49,34.254,#N/A
11.494,38.823,#N/A
11.497,44.192,#N/A
11.5,50.241,#N/A
11.504,56.734,#N/A
11.507,63.327,#N/A
11.51,69.589,#N/A
11.514,75.048,#N/A
11.517,79.256,#N/A
11.52,81.847,#N/A
11.524,82.597,#N/A
11.527,81.46,#N/A
11.53,78.566,#N/A
11.534,74.205,#N/A
11.537,68.775,#N/A
11.54,62.724,#N/A
11.544,56.492,#N/A
11.547,50.462,#N/A
11.55,44.928,#N/A
11.554,40.08,#N/A
11.557,36.008,#N/A
11.56,32.721,#N/A
11.564,30.166,#N/A
11.567,28.252,#N/A
11.57,26.873,#N/A
11.574,25.922,#N/A
11.577,25.302,#N/A
11.58,24.932,#N/A
11.584,24.745,#N/A
11.587,24.694,#N/A
11.59,24.741,#N/A
11.594,24.862,#N/A
11.597,25.039,#N/A
11.6,25.26,#N/A
11.604,25.515,#N/A
11.607,25.797,#N/A
11.61,26.101,#N/A
11.614,26.423,#N/A
11.617,26.76,#N/A
11.62,27.112,#N/A
11.624,27.478,#N/A
11.627,27.858,#N/A
11.63,28.25,#N/A
11.634,28.653,#N/A
11.637,29.068,#N/A
11.64,29.495,#N/A
11.644,29.933,#N/A
11.647,30.383,#N/A
11.65,30.843,#N/A
11.654,31.313,#N/A
11.657,31.791,#N/A
11.66,32.28,#N/A
11.664,32.779,#N/A
11.667,33.292,#N/A
11.67,33.82,#N/A
11.674,34.368,#N/A
11.677,34.938,#N/A
11.68,35.534,#N/A
11.684,36.162,#N/A
11.687,36.825,#N/A
11.69,37.53,#N/A
11.694,38.287,#N/A
11.697,39.106,-2.12894
11.7,39.999,#N/A
11.704,40.978,#N/A
11.707,42.051,#N/A
11.71,43.222,#N/A
11.714,44.487,#N/A
11.717,45.839,#N/A
11.72,47.284,#N/A
11.724,48.854,#N/A
11.727,50.622,#N/A
11.73,52.711,#N/A
11.734,55.31,#N/A
11.737,58.74,#N/A
11.74,63.728,#N/A
11.744,71.87,#N/A
11.747,85.723,#N/A
11.75,107.902,#N/A
11.754,139.793,#N/A
11.757,180.786,#N/A
11.76,227.912,#N/A
11.764,275.791,#N/A
11.767,317.368,#N/A
11.77,345.572,#N/A
11.774,355.321,#N/A
11.777,345.101,#N/A
11.78,317.36,#N/A
11.784,277.525,#N/A
11.787,232.161,#N/A
11.79,187.18,#N/A
11.794,146.731,#N/A
11.797,112.927,#N/A
11.8,86.181,#N/A
11.804,65.801,#N/A
11.807,50.582,#N/A
11.81,39.243,#N/A
11.814,30.667,#N/A
11.817,24.001,#N/A
11.82,18.646,-15.8152
11.824,14.21,#N/A
11.827,10.45,#N/A
11.83,7.214,#N/A
11.834,4.405,#N/A
11.837,1.955,#N/A
11.84,-0.187,#N/A
11.844,-2.065,#N/A
11.847,-3.705,#N/A
11.85,-5.126,#N/A
11.854,-6.332,#N/A
11.857,-7.323,#N/A
11.86,-8.104,#N/A
11.864,-8.694,#N/A
11.867,-9.132,#N/A
11.87,-9.47,#N/A
11.874,-9.764,#N/A
11.877,-10.063,#N/A
11.88,-10.401,#N/A
11.884,-10.793,#N/A
11.887,-11.233,#N/A
11.89,-11.707,#N/A
11.894,-12.192,#N/A
11.897,-12.666,#N/A
11.9,-13.108,#N/A
11.904,-13.506,#N/A
11.907,-13.85,#N/A
11.91,-14.138,#N/A
11.914,-14.372,#N/A
11.917,-14.553,#N/A
11.92,-14.686,#N/A
11.924,-14.773,#N/A
11.927,-14.818,#N/A
11.93,-14.826,#N/A
11.934,-14.797,#N/A
11.937,-14.736,#N/A
11.94,-14.645,#N/A
11.944,-14.527,#N/A
11.947,-14.383,#N/A
11.95,-14.217,#N/A
11.954,-14.031,#N/A
11.957,-13.83,#N/A
11.96,-13.618,#N/A
11.964,-13.398,#N/A
11.967,-13.172,#N/A
11.97,-12.942,#N/A
11.974,-12.71,#N/A
11.977,-12.477,#N/A
11.98,-12.244,#N/A
11.984,-12.013,#N/A
11.987,-11.786,#N/A
11.99,-11.563,#N/A
11.994,-11.345,#N/A
11.997,-11.132,#N/A
12,-10.925,#N/A
12.004,-10.724,#N/A
12.007,-10.531,#N/A
12.01,-10.346,#N/A
12.014,-10.172,#N/A
12.017,-10.008,#N/A
12.02,-9.854,#N/A
12.024,-9.711,#N/A
12.027,-9.578,#N/A
12.03,-9.456,#N/A
12.034,-9.343,#N/A
12.037,-9.24,#N/A
12.04,-9.147,#N/A
12.044,-9.063,#N/A
12.047,-8.987,#N/A
12.05,-8.92,#N/A
12.054,-8.859,#N/A
12.057,-8.805,#N/A
12.06,-8.755,#N/A
12.064,-8.71,#N/A
12.067,-8.669,#N/A
12.07,-8.634,#N/A
12.074,-8.602,#N/A
12.077,-8.575,#N/A
12.08,-8.55,#N/A
12.084,-8.529,#N/A
12.087,-8.511,#N/A
12.09,-8.497,#N/A
12.094,-8.487,#N/A
12.097,-8.479,#N/A
12.1,-8.473,#N/A
12.104,-8.469,#N/A
12.107,-8.466,#N/A
12.11,-8.464,#N/A
12.114,-8.462,#N/A
12.117,-8.462,#N/A
12.12,-8.461,#N/A
12.124,-8.461,#N/A
12.127,-8.46,#N/A
12.13,-8.459,#N/A
12.134,-8.458,#N/A
12.137,-8.456,#N/A
12.14,-8.453,#N/A
12.144,-8.449,#N/A
12.147,-8.442,#N/A
12.15,-8.435,#N/A
12.154,-8.427,#N/A
12.157,-8.421,#N/A
12.16,-8.415,#N/A
12.164,-8.409,#N/A
12.167,-8.404,#N/A
12.17,-8.398,#N/A
12.174,-8.393,#N/A
12.177,-8.387,#N/A
12.18,-8.379,#N/A
12.184,-8.37,#N/A
12.187,-8.358,#N/A
12.19,-8.344,#N/A
12.194,-8.33,#N/A
12.197,-8.316,#N/A
12.2,-8.302,#N/A
12.204,-8.288,#N/A
12.207,-8.273,#N/A
12.21,-8.257,#N/A
12.214,-8.239,#N/A
12.217,-8.221,#N/A
12.22,-8.202,#N/A
12.224,-8.181,#N/A
12.227,-8.16,#N/A
12.23,-8.138,#N/A
12.234,-8.115,#N/A
12.237,-8.091,#N/A
12.24,-8.068,#N/A
12.244,-8.046,#N/A
12.247,-8.023,#N/A
12.25,-8.001,#N/A
12.254,-7.977,#N/A
12.257,-7.953,#N/A
12.26,-7.929,#N/A
12.264,-7.905,#N/A
12.267,-7.88,#N/A
12.27,-7.854,#N/A
12.274,-7.828,#N/A
12.277,-7.8,#N/A
12.28,-7.772,#N/A
12.284,-7.744,#N/A
12.287,-7.716,#N/A
12.29,-7.688,#N/A
12.294,-7.661,#N/A
12.297,-7.635,#N/A
12.3,-7.61,#N/A
12.304,-7.587,#N/A
12.307,-7.565,#N/A
12.31,-7.542,#N/A
12.314,-7.519,#N/A
12.317,-7.497,#N/A
12.32,-7.474,#N/A
12.324,-7.451,#N/A
12.327,-7.428,#N/A
12.33,-7.406,#N/A
12.334,-7.383,#N/A
12.337,-7.361,#N/A
12.34,-7.339,#N/A
12.344,-7.319,#N/A
12.347,-7.3,#N/A
12.35,-7.282,#N/A
12.354,-7.265,#N/A
12.357,-7.248,#N/A
12.36,-7.23,#N/A
12.364,-7.212,#N/A
12.367,-7.193,#N/A
12.37,-7.175,#N/A
12.374,-7.158,#N/A
12.377,-7.141,#N/A
12.38,-7.125,#N/A
12.384,-7.109,#N/A
12.387,-7.094,#N/A
12.39,-7.08,#N/A
12.394,-7.067,#N/A
12.397,-7.053,#N/A
12.4,-7.038,#N/A
12.404,-7.023,#N/A
12.407,-7.007,#N/A
12.41,-6.991,#N/A
12.414,-6.976,#N/A
12.417,-6.96,#N/A
12.42,-6.946,#N/A
12.424,-6.932,#N/A
12.427,-6.919,#N/A
12.43,-6.907,#N/A
12.434,-6.894,#N/A
12.437,-6.882,#N/A
12.44,-6.87,#N/A
12.444,-6.857,#N/A
12.447,-6.846,#N/A
12.45,-6.834,#N/A
12.454,-6.824,#N/A
12.457,-6.813,#N/A
12.46,-6.802,#N/A
12.464,-6.792,#N/A
12.467,-6.781,#N/A
12.47,-6.77,#N/A
12.474,-6.758,#N/A
12.477,-6.745,#N/A
12.48,-6.732,#N/A
12.484,-6.72,#N/A
12.487,-6.709,#N/A
12.49,-6.698,#N/A
12.494,-6.688,#N/A
12.497,-6.678,#N/A
12.5,-6.668,#N/A
